ImagUrl,skuId,title,url,price,rating,review,MaxAddToCart,SearchText,SearchDate,pageRank,Advert,page,rank
https://cdn1.ozone.ru/s3/multimedia-d/6569512849.jpg,876820860,"Шуманит средство для прочистки труб от засоров, волосогон, 6 саше по 70 г",https://www.ozon.ru/product/shumanit-sredstvo-dlya-prochistki-trub-ot-zasorov-volosogon-6-sashe-po-70-g-876820860/?advert=ZHDoA4oY9tfugboA37OK6Vcwst7dCjiFVIuuX4WluWWdV_aDi67eqEEjmrdMSxi4dJwGKxt60_OXlO3k36HMXJVegwuvnjBZc_CCPS2o2u8LIay-4nCFokR5SYzi8Ged6YEpiqo6tLLiPkZcgatnXHoIWfnW2YfTq4H49_RxxvmqmpzgXn_wbUSwBSuUKWHcbZPRbHUH7IKMetefWfB8EOiGJZ8qrB3PcrgsRC6yCTBcJQjcsigO-WNG4bZGm0Gfk9LIpnddKHDZrnKVrjKTDNGJYu3WI_c-QhWrLZcO1MY_d_6VPOY72a-8V6UO29O954O1N_gc9mPmx1vaOOURVbDsDy0&avtc=1&avte=2&avts=1705064454&keywords=%D1%88%D0%B8%D0%BA+%D0%B2%D0%BE%D0%BB%D0%BE%D1%81%D0%BE%D0%B3%D0%BE%D0%BD+%D0%BE%D1%82+%D0%B7%D0%B0%D1%81%D0%BE%D1%80%D0%BE%D0%B2,621 ,4.9  ,2 636 ,453,шик волосогон от засоров,2024-01-12,Pg1_1,True,1,1
https://cdn1.ozone.ru/s3/multimedia-5/6244304753.jpg,478577090,"Bagi Шуманит средство для прочистки труб от засоров, средство от засоров труб волосогон 12 саше по 70г.",https://www.ozon.ru/product/bagi-shumanit-sredstvo-dlya-prochistki-trub-ot-zasorov-sredstvo-ot-zasorov-trub-volosogon-12-sashe-478577090/?advert=64kXgiV4UXhLdpeprlIXqEMoRDFKeskEAJKpuVGWfTzD4ucZ5R18E4V8xtLOTX-FH792VEyWkt8qh99UaVcQGrCpN3BkOLOfw5VmrHEmBW1HaVJtQuGR4MwlSQwC-nqaeymG9HVjM3hydeKJTiQfm63BYqYCiQ_9cag9rjvlviSaHmFaguCXz7njBjNpzcS6RCvNGSlCyyLrxMsG9P93-mPNG3MHjkm7g_7VxLLeEbBnmrLKX02PvIlj0CZXk_ipOmpOSW4K3J8-qJ8o7BmaWh2rwDv5BLn2howaKbxyZatjk_u5_24cAkTs1G7-ORuRLjBY54nb5JOHhOpXGKHHLO_pjxoMZw&avtc=1&avte=2&avts=1705064454&keywords=%D1%88%D0%B8%D0%BA+%D0%B2%D0%BE%D0%BB%D0%BE%D1%81%D0%BE%D0%B3%D0%BE%D0%BD+%D0%BE%D1%82+%D0%B7%D0%B0%D1%81%D0%BE%D1%80%D0%BE%D0%B2,1 296 ,4.9  ,2 643,33,шик волосогон от засоров,2024-01-12,Pg1_2,True,1,2
https://cdn1.ozone.ru/s3/multimedia-i/6743249982.jpg,201502709,"Средство от засоров для прочистки труб, антизасор от волос, Expel Волосогон, на 6 засоров",https://www.ozon.ru/product/sredstvo-ot-zasorov-dlya-prochistki-trub-antizasor-ot-volos-expel-volosogon-na-6-zasorov-201502709/?advert=EzkS1H6ti0oYhPOaXgNTl7OzqA3lAmaNGRQ7lolnrpt0D3Fn9KtWLkHiK1Z68jCKywjaWzRa0m9nB2HoQtC_psGFX4jCNEjmZaI6ztTWRRUOyUA2Ii8y2gC3l-F4eIe9XBMLpQ9mdgA3HPSG8KSV3qoD3F909-DNRGqSNOcIgMrli5JROEiC5GbNXxFbcROFEpygCga_TR6u4qJfKoQrLmVNP2KEMpz_D8nYs5wC6lccfuQ7vVyslkSOEOd5oopP0IEZP3cvTFg5MS3iVWxZhg0aEIKVXpGUUFT1yJKnIsynKZhmvTpBlNGDQG7bbk-buE_3AaarIDiY__rBmUL0dFVGoA&avtc=1&avte=4&avts=1705064454&keywords=%D1%88%D0%B8%D0%BA+%D0%B2%D0%BE%D0%BB%D0%BE%D1%81%D0%BE%D0%B3%D0%BE%D0%BD+%D0%BE%D1%82+%D0%B7%D0%B0%D1%81%D0%BE%D1%80%D0%BE%D0%B2,353 ,4.8  ,6 100 ,700,шик волосогон от засоров,2024-01-12,Pg1_3,True,1,3
https://cdn1.ozone.ru/s3/multimedia-e/6690638498.jpg,645536285,Набор средств от засоров труб EXPEL: саше Волосогон 1 шт х 50 г; саше Жирогон 1 шт х 50 г,https://www.ozon.ru/product/nabor-sredstv-ot-zasorov-trub-expel-sashe-volosogon-1-sht-h-50-g-sashe-zhirogon-1-sht-h-50-g-645536285/?advert=NJa7N3_uI28NvJyMk7cJdA32HR0Wq2xtVKC7UdzuSQXX83CzbDajXoGbfWyGone-Av_HSbWOQYzN3xuI_23uQxvYaEIt8yRF0KufomRY8b5su3OTVShWxiFZlfgz6HKiW5x9DzRfA_ZrZMbzBbHXN_tx6m9FCBC8lZHyYN6fOR_E7cwiHPGhgSq8bDahY4qj1jQHn7eXau1jgoa-xd_ILLBzFYMul9Q0WhtSCWYYGgz-QgXr-TGCd_01wOg0slGMih4_QfSRcOYWCYwmpH7Sk5L0sLzvuiHpiNK1KPCeUVMkUoTzxQD-eABOI6oC2PTJ5ZYy9mEzeiTrGe9v-z5gCtUO2dwi&avtc=1&avte=4&avts=1705064454&keywords=%D1%88%D0%B8%D0%BA+%D0%B2%D0%BE%D0%BB%D0%BE%D1%81%D0%BE%D0%B3%D0%BE%D0%BD+%D0%BE%D1%82+%D0%B7%D0%B0%D1%81%D0%BE%D1%80%D0%BE%D0%B2,216 ,4.8  ,4 671,700,шик волосогон от засоров,2024-01-12,Pg1_4,True,1,4
https://cdn1.ozone.ru/s3/multimedia-3/6488564103.jpg,201181734,"Средство от засоров для прочистки труб EXPEL, Гель антизасор от волос, ВОЛОСОГОН 500 мл",https://www.ozon.ru/product/sredstvo-ot-zasorov-dlya-prochistki-trub-expel-gel-antizasor-ot-volos-volosogon-500-ml-201181734/?asb=CqEqwGW%252BJMN7s7QTU7aXgAfIgCKbrugeWN3GzdgURsca%252B%252Fvp5M6Twv%252FYGVidZpTX&asb2=qjgQF2V1bPNju3Ulv9S5bJv_6Q0J8gkkiHrRxRpxyDxzcbqRWmtm99bxr_gXNzUB0EIcGaH2XmGINPt35YDZHVgu6bseKzNH_lZp07CwqUsyXpbfSjoSnI2Azb03TZXkKwqb2GPDuIDvO5Y0Ss103hFxA7swNoRvTGFiX0riAUQ&avtc=1&avte=2&avts=1705064454&keywords=%D1%88%D0%B8%D0%BA+%D0%B2%D0%BE%D0%BB%D0%BE%D1%81%D0%BE%D0%B3%D0%BE%D0%BD+%D0%BE%D1%82+%D0%B7%D0%B0%D1%81%D0%BE%D1%80%D0%BE%D0%B2,318 ,4.8  ,4 853,700,шик волосогон от засоров,2024-01-12,Pg1_5,False,1,5
https://cdn1.ozone.ru/s3/multimedia-9/6690644541.jpg,355698403,"Средство от засоров для прочистки труб антизасор от волос, Волосогон и Жирогон EXPEL на 10 засоров, 10 саше",https://www.ozon.ru/product/sredstvo-ot-zasorov-dlya-prochistki-trub-antizasor-ot-volos-volosogon-i-zhirogon-expel-na-10-zasorov-355698403/?asb=FXXfLShDHqNXXX0XsyjzBwztbNxXlGAapNwIR8qQbnc%253D&asb2=iHMPtrtThSVCJl0aAgj3IRiNhY2ibzGNZgOEHA6mqemkPzgvxA88eWdcfXRsanGI&avtc=1&avte=4&avts=1705064454&keywords=%D1%88%D0%B8%D0%BA+%D0%B2%D0%BE%D0%BB%D0%BE%D1%81%D0%BE%D0%B3%D0%BE%D0%BD+%D0%BE%D1%82+%D0%B7%D0%B0%D1%81%D0%BE%D1%80%D0%BE%D0%B2,448 ,4.8  ,4 662,700,шик волосогон от засоров,2024-01-12,Pg1_6,False,1,6
https://cdn1.ozone.ru/s3/multimedia-1/6741183457.jpg,1087718108,"Средство от засоров мощное гранулированное средство для удаления засора в трубах, волосогон + жирогон 3 шт.",https://www.ozon.ru/product/sredstvo-ot-zasorov-moshchnoe-granulirovannoe-sredstvo-dlya-udaleniya-zasora-v-trubah-1087718108/?asb=%252FpkXKXMXT%252B4NRb7jfMZVGMOQnphN5qrKpg8djWw3p8Eq2hNhoW%252F4x1U%252F%252B4fslTAu&asb2=NZiSEs8ZfitA_dyMqzHLH63bXlNV1Dh24GpiJUixlYLFr4jmaQvs0ZXTfWBCHEJrkcNx_UV37HfI3LTyF8PB63xEn7hMUq63W09xPkC_kEvSy0Z_zXqrjU9tWLYpiGFd7WBN0AjDKfKp3ztp0aJi-7Ix4ZI3npuWzVGmqwpvXsg&avtc=1&avte=2&avts=1705064454&keywords=%D1%88%D0%B8%D0%BA+%D0%B2%D0%BE%D0%BB%D0%BE%D1%81%D0%BE%D0%B3%D0%BE%D0%BD+%D0%BE%D1%82+%D0%B7%D0%B0%D1%81%D0%BE%D1%80%D0%BE%D0%B2,195 ,4.8  ,1 106 ,700,шик волосогон от засоров,2024-01-12,Pg1_7,False,1,7
https://cdn1.ozone.ru/s3/multimedia-f/6743254443.jpg,727009105,"Средство для прочистки труб от засоров, антизасор от волос, Expel Волосогон, 50 г х 10 саше",https://www.ozon.ru/product/sredstvo-dlya-prochistki-trub-ot-zasorov-antizasor-ot-volos-expel-volosogon-50-g-h-10-sashe-727009105/?asb=8amO80%252FrSAfO5UEcRbt4AY4CitlmHhn40xSpa%252BMpQlg%253D&asb2=vTxvGZvlU8TWuzaPN-7KoVw9226NN2IVmIWJvkNh2oquCa2O_QzCb0Luzji4x9uD&avtc=1&avte=2&avts=1705064454&keywords=%D1%88%D0%B8%D0%BA+%D0%B2%D0%BE%D0%BB%D0%BE%D1%81%D0%BE%D0%B3%D0%BE%D0%BD+%D0%BE%D1%82+%D0%B7%D0%B0%D1%81%D0%BE%D1%80%D0%BE%D0%B2,497 ,4.8  ,6 059 ,700,шик волосогон от засоров,2024-01-12,Pg1_8,False,1,8
https://cdn1.ozone.ru/s3/multimedia-o/6015190116.jpg,175424686,Bagi Шуманит средство для прочистки труб от засоров 3 саше по 70г.,https://www.ozon.ru/product/bagi-shumanit-sredstvo-dlya-prochistki-trub-ot-zasorov-3-sashe-po-70g-175424686/?advert=qU3YCCScWO8zILMs3gKTeakrrj9alrA7DVu1aMrNER7buapn6phqvkejbDICqymnXgL4FrPVKfUhX54wO_6U_6kGVS6gHixrExj8q3Td-EfkTwZL4USdgLWscwaIhaWC0lB3xmcMibQrKlCUlx4Laxrh8v9i08tKcvQmjBxLQWsjc8zeQeWXeajmc2tdwx-5e5xoj9F3-I2y-clqZtZYbHH896vNuqVFxTwVBmebiiwHKT6LQXfyBB5INavF0mxZDLflwCnfLUWo-ZggLnf7MUMEvMrUDZIEoi85PZQCrA8rNcR7StYYcTsqGhFfTmpGRCxsvLJoaJVEVU1g01gK8gUGJPE&avtc=1&avte=4&avts=1705064454&keywords=%D1%88%D0%B8%D0%BA+%D0%B2%D0%BE%D0%BB%D0%BE%D1%81%D0%BE%D0%B3%D0%BE%D0%BD+%D0%BE%D1%82+%D0%B7%D0%B0%D1%81%D0%BE%D1%80%D0%BE%D0%B2,394 ,4.9  ,2 627 ,700,шик волосогон от засоров,2024-01-12,Pg1_9,True,1,9
https://cdn1.ozone.ru/s3/multimedia-o/6615181752.jpg,507645452,"Средство от засоров для прочистки труб Expel, Гель антизасор от волос, ВОЛОСОГОН 500 мл х 2 шт",https://www.ozon.ru/product/sredstvo-ot-zasorov-dlya-prochistki-trub-expel-gel-antizasor-ot-volos-volosogon-500-ml-h-2-sht-507645452/?asb=8FDdfHBfpAfF%252BHBUJ2%252FeLzQbjoZXmFJMuatOdBxRldBAgNiT5I6P%252BmCD%252Fl%252FpkeDk&asb2=qIXp1reNpoFIYJB1fBVZbPThaenT9qleM2s7iWuIeOee68mRkkQj4Y5n4a9nOP9udte5RFUgdRTMfesBjhSUOR0K6rtz7PTrZu-NCUwNlmX_MUXeKA6-M3B4uhXd_-5eYQi0OrbS9_RaRdTS0eLI5RYlkg5h0d5-cPigsP9alkE&avtc=1&avte=2&avts=1705064454&keywords=%D1%88%D0%B8%D0%BA+%D0%B2%D0%BE%D0%BB%D0%BE%D1%81%D0%BE%D0%B3%D0%BE%D0%BD+%D0%BE%D1%82+%D0%B7%D0%B0%D1%81%D0%BE%D1%80%D0%BE%D0%B2,483 ,4.8  ,4 853,700,шик волосогон от засоров,2024-01-12,Pg1_10,False,1,10
https://cdn1.ozone.ru/s3/multimedia-n/6545025659.jpg,738050389,"Средство от засоров для прочистки труб EXPEL, Гель антизасор от волос, ВОЛОСОГОН 1000 мл 2 шт.",https://www.ozon.ru/product/sredstvo-ot-zasorov-dlya-prochistki-trub-expel-gel-antizasor-ot-volos-volosogon-1000-ml-2-sht-738050389/?asb=XC%252F7wxFQxbT%252FoCAp6usArmVsTlGPeNwrnOFW0dKkHRCW7ZY4wfqyzDpC2s1r8wrY&asb2=qjZ78qqsMqW7R4FXbDPYIl0M6bFaHeoyqAPegX-nWFsaTE0aKQkHV97HTe3LW4XoYbMXKAAROJbtShQNwbltLhFRnb6R7YLpT8gxuE2wGQygfYfOJHqJ-gJo3XnZ_PXqA4x6hzUrVI_BuYp0NG46v7Ik7ytcfuMDCBJSICXE4WA&avtc=1&avte=2&avts=1705064454&keywords=%D1%88%D0%B8%D0%BA+%D0%B2%D0%BE%D0%BB%D0%BE%D1%81%D0%BE%D0%B3%D0%BE%D0%BD+%D0%BE%D1%82+%D0%B7%D0%B0%D1%81%D0%BE%D1%80%D0%BE%D0%B2,661 ,4.8  ,4 863,698,шик волосогон от засоров,2024-01-12,Pg1_11,False,1,11
https://cdn1.ozone.ru/s3/multimedia-c/6828781260.jpg,636489346,Средство для прочистки труб от засоров Розовый Крот 5 л,https://www.ozon.ru/product/sredstvo-dlya-prochistki-trub-ot-zasorov-rozovyy-krot-5-l-636489346/?advert=bX4jMdipOiDvS1Ni6N3F0lRpeZc8eQMoydsEgF49Mcd7IR-rcHLr4RSSJs4ffeOHKndX8fEg5yWgGtTcI5AJi_8INA-A9izvIOjChk-AA9fXiJdnqLrIfYd2TS__u_mlQ1FvzLLxZA6nGhGuLvEWj4c2zVYdt5SBkys_MfG-NjyqaXeVkqfJ30xS7moR__xNUb_D8C2L0w1amUPTa9UWltT1NDqfh10iBPrYC_fklhMXAhUAYYJTZEq-y757jk_ilci498EEiQYfX30ZeP0iZyTjZeIHqDi3qCB5SV9mbqyNgin9g8IzA3kXHnNzONDnzT6cckBP6C_mADWN-T8V1gwJIELYc8U&avtc=1&avte=4&avts=1705064454&keywords=%D1%88%D0%B8%D0%BA+%D0%B2%D0%BE%D0%BB%D0%BE%D1%81%D0%BE%D0%B3%D0%BE%D0%BD+%D0%BE%D1%82+%D0%B7%D0%B0%D1%81%D0%BE%D1%80%D0%BE%D0%B2,607 ,4.7  ,2 263,518,шик волосогон от засоров,2024-01-12,Pg1_12,True,1,12
https://cdn1.ozone.ru/s3/multimedia-o/6690633288.jpg,732628857,"Средство для прочистки труб от засоров, антизасор от жира и пищевых остатков, Expel Жирогон, 50 г х 10 саше",https://www.ozon.ru/product/sredstvo-dlya-prochistki-trub-ot-zasorov-antizasor-ot-zhira-i-pishchevyh-ostatkov-expel-zhirogon-50-732628857/?asb=mmRnrdV5Y0Nn7Dzc3opJ1J5z%252BNtugesyoZJBSlDw86M%253D&asb2=pUotVv-AebfWAN26NH5fkTpSXEcCVsK6tKQFGSbTeaBwa20yXtrgwvSkxdfNumcz&avtc=1&avte=2&avts=1705064454&keywords=%D1%88%D0%B8%D0%BA+%D0%B2%D0%BE%D0%BB%D0%BE%D1%81%D0%BE%D0%B3%D0%BE%D0%BD+%D0%BE%D1%82+%D0%B7%D0%B0%D1%81%D0%BE%D1%80%D0%BE%D0%B2,407 ,4.8  ,2 367 ,700,шик волосогон от засоров,2024-01-12,Pg1_13,False,1,13
https://cdn1.ozone.ru/s3/multimedia-8/6690645836.jpg,201181696,"Средство от засоров для прочистки труб, антизасор от жира и пищевых остатков, Expel Жирогон, на 6 засоров",https://www.ozon.ru/product/sredstvo-ot-zasorov-dlya-prochistki-trub-antizasor-ot-zhira-i-pishchevyh-ostatkov-expel-zhirogon-na-201181696/?asb=zssM3XRXaSqWgo%252BEy%252FWb9soqZdIs6nVg7Ix9iAXDM%252FQ%253D&asb2=qOKe00JKGfnVcHXCSRBRsxSK3dh6K-6J3fWQDZFj2FasdQf3zifqF5AwjBVAPfqt&avtc=1&avte=2&avts=1705064454&keywords=%D1%88%D0%B8%D0%BA+%D0%B2%D0%BE%D0%BB%D0%BE%D1%81%D0%BE%D0%B3%D0%BE%D0%BD+%D0%BE%D1%82+%D0%B7%D0%B0%D1%81%D0%BE%D1%80%D0%BE%D0%B2,344 ,4.8  ,2 367 ,700,шик волосогон от засоров,2024-01-12,Pg1_14,False,1,14
https://cdn1.ozone.ru/s3/multimedia-p/6569410189.jpg,876812986,"Набор Bagi Classic: Потхан от засоров, средство для прочистки труб в гранулах, 600 г - 3 шт",https://www.ozon.ru/product/nabor-bagi-classic-pothan-ot-zasorov-sredstvo-dlya-prochistki-trub-v-granulah-600-g-3-sht-876812986/?advert=c9onc6oqin8S5GSm19Lap3N5ngLufSZCcKxuY2M0EKz-Iev-Ky14Xef7S9hQJ5ynsUDqABcSNbtYYO_NS31Xjl3-uorofPKjv3-6IhUMnl_IMlXZpedEMQbwPT5QcNpPGAT7nPpSOy39Bub8RnfvjgX1IoLH-M6rg_k-tsBUtHfX_eKtb0NAZGFeX7J_tOHjcxzXO-gyHlwPf6PZ7wSmnQCszOaERi0rvBpfBaJwliDee3z7bvmKmjiiTJF3_d7rlrKZ5UZvcrlTVtSZMcHP1MNGQ7i7YsixG3hlQRGKZnPV9v1PFMUUiHGih8uh_l_jql4gTLXwI4H9lBs7yDL19WHeN3R4fX4&avtc=1&avte=2&avts=1705064454&keywords=%D1%88%D0%B8%D0%BA+%D0%B2%D0%BE%D0%BB%D0%BE%D1%81%D0%BE%D0%B3%D0%BE%D0%BD+%D0%BE%D1%82+%D0%B7%D0%B0%D1%81%D0%BE%D1%80%D0%BE%D0%B2,1 448 ,4.8  ,733,3,шик волосогон от засоров,2024-01-12,Pg1_15,True,1,15
https://cdn1.ozone.ru/s3/multimedia-q/6753221162.jpg,729679916,Волосогон от засоров ершик. Щетка для чистки засора в ванных и раковинах,https://www.ozon.ru/product/volosogon-ot-zasorov-ershik-shchetka-dlya-chistki-zasora-v-vannyh-i-rakovinah-729679916/?asb=GX9Jl174uh5hLVQW7dxVU3uUuR%252F5l9v4%252FpOIK6nFJQLOUFprTEMzx6QuOmeL4OxV&asb2=QhRIpt1cOB2fupKrmJmWW1Sv9Ygz8PSvsXrD9-Z3Oqictign96rk0EaR2nYoVPAkKYL3CQxkRO0cg9RxdBt0z4Azoaz8V1d3epyVKM0_RhVRkYcB5j_teDS0BDKOVZ_PL2iWlip2GtC44Z1VR6XbBf5nn-gQ9RQcCR7x6i4akuk&avtc=1&avte=2&avts=1705064454&keywords=%D1%88%D0%B8%D0%BA+%D0%B2%D0%BE%D0%BB%D0%BE%D1%81%D0%BE%D0%B3%D0%BE%D0%BD+%D0%BE%D1%82+%D0%B7%D0%B0%D1%81%D0%BE%D1%80%D0%BE%D0%B2,166 ,4.7  ,2 932,700,шик волосогон от засоров,2024-01-12,Pg1_16,False,1,16
https://cdn1.ozone.ru/s3/multimedia-f/6703013895.jpg,1074219132,"Набор средств для прочистки труб от засоров, антизасор от жира, от волос, Expel Жирогон + Волосогон, гранулы 600 г 2 шт.",https://www.ozon.ru/product/nabor-sredstv-dlya-prochistki-trub-ot-zasorov-antizasor-ot-zhira-ot-volos-expel-zhirogon-1074219132/?asb=QWXuL1scy%252FZDfaFQR%252FHA2kHXAwxtf3CwGcT3HysEXCE%253D&asb2=-RFY8yneRTddDMJg0xbr2WRhS5BkA7bw14kSgDYTH1x0D5IN6MlnbEiw7cy4RMhV&avtc=1&avte=2&avts=1705064454&keywords=%D1%88%D0%B8%D0%BA+%D0%B2%D0%BE%D0%BB%D0%BE%D1%81%D0%BE%D0%B3%D0%BE%D0%BD+%D0%BE%D1%82+%D0%B7%D0%B0%D1%81%D0%BE%D1%80%D0%BE%D0%B2,625 ,4.8  ,445 ,447,шик волосогон от засоров,2024-01-12,Pg1_17,False,1,17
https://cdn1.ozone.ru/s3/multimedia-i/6569419902.jpg,876827094,"Набор Bagi Classic: Потхан от засоров, средство для прочистки труб в гранулах, волосогон, 600 г - 2 шт",https://www.ozon.ru/product/nabor-bagi-classic-pothan-ot-zasorov-sredstvo-dlya-prochistki-trub-v-granulah-volosogon-600-g-2-sht-876827094/?advert=iJAenz33Uj5vNH926Kj6DzYQft0yPvHwS2ZuOlM3IdvMgqiQEfZJGQZMqhqg63qJoMftrjbPhKi_QYEQSxXdlrf66aonkxcsp8F0BrwpOuevShGD4Ar8GknYXauyUrMD4fFBoeJUj-Gh-Vvw16KrRwwV4WOxwEslL0N0Vma5YKxv69SUeC4D-wIZD_600CNYa8miKra22FSW9Qpwl1WYgUogBZ9SJq80vaRTs0dIl5qQ4NN1_er-QrzTMs-zwFMNotHcymcNuv_rpJ54EDVvvonfF0L2qzhR2z35lBgVOrVudDxecpZAstggghkwZip4HFnsxPff_1aa2JC7WehMwa_b2_WF9io&avtc=1&avte=2&avts=1705064454&keywords=%D1%88%D0%B8%D0%BA+%D0%B2%D0%BE%D0%BB%D0%BE%D1%81%D0%BE%D0%B3%D0%BE%D0%BD+%D0%BE%D1%82+%D0%B7%D0%B0%D1%81%D0%BE%D1%80%D0%BE%D0%B2,1 005 ,4.8  ,733,1,шик волосогон от засоров,2024-01-12,Pg1_18,True,1,18
https://cdn1.ozone.ru/s3/multimedia-z/6545025275.jpg,737787278,"Средство от засоров для прочистки труб EXPEL, Гель антизасор от волос, ВОЛОСОГОН 1000 мл",https://www.ozon.ru/product/sredstvo-ot-zasorov-dlya-prochistki-trub-expel-gel-antizasor-ot-volos-volosogon-1000-ml-737787278/?asb=h49TtxkjFNYJlqthc5g4cRLyRPe2kmiekG8AFujRk%252F%252FUcIE9hnU%252Bmji2omXOWcmk&asb2=7uRgSiNzY6HqmzJWqkHK-z2dN-PLi3wMO_91FpYJbiHoM7PCY9XHEMae4nKNDvvo4aISCavFfwc78VWZtQkJChM7BB1vbJ5eh3pLfLs0Uehkn4_T9F_KQd8XHBXMoYhOOfstd95bpIWcD8IB4MnLpJ_Qnex2c_JEdqBahLXCOIg&avtc=1&avte=2&avts=1705064454&keywords=%D1%88%D0%B8%D0%BA+%D0%B2%D0%BE%D0%BB%D0%BE%D1%81%D0%BE%D0%B3%D0%BE%D0%BD+%D0%BE%D1%82+%D0%B7%D0%B0%D1%81%D0%BE%D1%80%D0%BE%D0%B2,425 ,4.8  ,4 853,700,шик волосогон от засоров,2024-01-12,Pg1_19,False,1,19
https://cdn1.ozone.ru/s3/multimedia-t/6735841733.jpg,1150317735,"Волосогон от засоров, ершик для прочистки труб, щетка для прочистки засоров в ванной комнате, раковине, душевой. Ершик для кальяна, улавливатель волос, вантуз для раковины",https://www.ozon.ru/product/volosogon-ot-zasorov-ershik-dlya-prochistki-trub-shchetka-dlya-prochistki-zasorov-v-vannoy-komnate-1150317735/?asb=YwXoNzHzTetXL68QJ8A1Md96EU7orNlqTgiz%252BwDIDxI%253D&asb2=19tzyl2I-yf2wVC7dIvQi4rS6n8X0rIl2hCV8s0BkL92WPth9jAWY2JRwXfeQl4G&avtc=1&avte=2&avts=1705064454&keywords=%D1%88%D0%B8%D0%BA+%D0%B2%D0%BE%D0%BB%D0%BE%D1%81%D0%BE%D0%B3%D0%BE%D0%BD+%D0%BE%D1%82+%D0%B7%D0%B0%D1%81%D0%BE%D1%80%D0%BE%D0%B2,134 ,4.7  ,1 344,700,шик волосогон от засоров,2024-01-12,Pg1_20,False,1,20
https://cdn1.ozone.ru/s3/multimedia-h/6386199449.jpg,644991770,"Биопрепарат Ликвазим от засоров и запахов в трубах и септиках, 1 л.",https://www.ozon.ru/product/biopreparat-likvazim-ot-zasorov-i-zapahov-v-trubah-i-septikah-1-l-644991770/?advert=kShWwlL8g_7Yh25Fs-AJmWHZpu7JknwffthHcvEm6Zc5O7m_jCWg2nO-DtFWIJ9Otfe_8UN6uophY5xfYFDXultGsf5pmXH6cFgHhEPHnkXNA7W9kWyek4sJbC7yZKR3DUgnncR8HX5dxtzLcekXMEVCBME2OLAXmfd-xMgNcL3B6zNfScq4IbH2BjmJh0DCrjtS4_ypMiNNucQOcXJUoMNeijqRJgwEgy3L_dSUOyeO9jm9pXZZPKAomj8YAvPNY-AJ5ux0a2t9I9qy0ox3LR2NAcnihOxn2KOnibOOB4H1YZqCPBWk22HUyrED0v-l3XRKH2qrrUMlOaSrWC1St3tGFfmsKQ&avtc=1&avte=2&avts=1705064454&keywords=%D1%88%D0%B8%D0%BA+%D0%B2%D0%BE%D0%BB%D0%BE%D1%81%D0%BE%D0%B3%D0%BE%D0%BD+%D0%BE%D1%82+%D0%B7%D0%B0%D1%81%D0%BE%D1%80%D0%BE%D0%B2,1 800 ,4.7  ,146 ,1,шик волосогон от засоров,2024-01-12,Pg1_21,True,1,21
https://cdn1.ozone.ru/s3/multimedia-1/6706554085.jpg,576925724,"Средство для устранения засоров труб от волос в гранулах, Expel, ВОЛОСОГОН, на 10 засоров, 600 г",https://www.ozon.ru/product/sredstvo-dlya-ustraneniya-zasorov-trub-ot-volos-v-granulah-expel-volosogon-na-10-zasorov-600-g-576925724/?asb=xMhR9ub9pIAWCpwBeT4sMCyLgCd4Yku9CEYdZtiRVP8%253D&asb2=Mmo3KdJclK2J374XyR2DO2PbkzRC_oqFQuIRgLagNjIxZ545-YDC9MDxyy6xeLpQ&avtc=1&avte=2&avts=1705064454&keywords=%D1%88%D0%B8%D0%BA+%D0%B2%D0%BE%D0%BB%D0%BE%D1%81%D0%BE%D0%B3%D0%BE%D0%BD+%D0%BE%D1%82+%D0%B7%D0%B0%D1%81%D0%BE%D1%80%D0%BE%D0%B2,489 ,4.9  ,1 916 ,700,шик волосогон от засоров,2024-01-12,Pg1_22,False,1,22
https://cdn1.ozone.ru/s3/multimedia-9/6244291905.jpg,478527177,"Bagi Шуманит гель средство для прочистки труб от засоров, средство от засоров труб волосогон, 450 мл.",https://www.ozon.ru/product/bagi-shumanit-gel-sredstvo-dlya-prochistki-trub-ot-zasorov-sredstvo-ot-zasorov-trub-volosogon-450-ml-478527177/?asb=2c1%252F5hezKY7xqvTW9V1fhM3a0%252Bvehc6fEfwHY%252FD%252F2kE%253D&asb2=BIIuSHuCzSnh_r9N-a0b-dI0E_ICT4Fehqdl6HWdGjLfekTkmcG2c4G0xL87OwMV&avtc=1&avte=4&avts=1705064454&keywords=%D1%88%D0%B8%D0%BA+%D0%B2%D0%BE%D0%BB%D0%BE%D1%81%D0%BE%D0%B3%D0%BE%D0%BD+%D0%BE%D1%82+%D0%B7%D0%B0%D1%81%D0%BE%D1%80%D0%BE%D0%B2,450 ,4.8  ,331,700,шик волосогон от засоров,2024-01-12,Pg1_23,False,1,23
https://cdn1.ozone.ru/s3/multimedia-b/6276192299.jpg,812465999,"Гранулы для прочистки труб от засоров из волос Волосогон Expel, 2 саше по 50 г",https://www.ozon.ru/product/granuly-dlya-prochistki-trub-ot-zasorov-iz-volos-volosogon-expel-2-sashe-po-50-g-812465999/?advert=n37jzRh2LoIDulC0aFc5myLqryj270xF7gZogx2AcxR4mbtKeogTouqWucMGPI75d8Nvr1p4iyS-mhp19ww4h8SPHL5vtSLVtX71kQCzIlDqdXE7VowPlLc0S2_2JWjsYOQEkfkDoRAk8dWPgfnWAa8Pmmllc6hTC1EkOY-0JGkv02VbefY7J8f0G43vafJisPRW36uAtsby4bD9zHwcHznozkdAHOjh20Os2jRI_pCiHnH4Vys3DQPkLheRk1Si9UAx26JTgJWuNllsqeIZKNTtQvXcDavENvH-KFcod6BBWbD_09M4Pi0War4_GIoOEHMeO7wQATOQUSzqMtoL_FxFNqXrbBo&avtc=1&avte=2&avts=1705064454&keywords=%D1%88%D0%B8%D0%BA+%D0%B2%D0%BE%D0%BB%D0%BE%D1%81%D0%BE%D0%B3%D0%BE%D0%BD+%D0%BE%D1%82+%D0%B7%D0%B0%D1%81%D0%BE%D1%80%D0%BE%D0%B2,384 ,4.9  ,27 ,60,шик волосогон от засоров,2024-01-12,Pg1_24,True,1,24
https://cdn1.ozone.ru/s3/multimedia-o/6854190432.jpg,317254962,"Средство для чистки канализации SANFOR, 5 л, Средство для прочистки труб от засоров",https://www.ozon.ru/product/sredstvo-dlya-chistki-kanalizatsii-sanfor-5-l-sredstvo-dlya-prochistki-trub-ot-zasorov-317254962/?asb=ap%252B5%252B9mBafGAwLaAjpj5wa5b2AFEzeWdLbEC2w%252BK3jVMJ7d6UpDr%252BkoLt%252BUIyhti&asb2=0IBe5j1M3ohKBAwnS_BwzAuVm16V_P4jzCWIzUAyNCPOvmCHL3P3kNhmAd84ADaEC5h5Il-TqLiVLA1m3L4DBsTevHVdGAjNFMMqYPH5sJCQuSNoBOZLdfJz3ckfMkkG0wosJpekrRSvnY82VzUrn8haENm-h-xZKlJvjzaQ4LY&avtc=1&avte=4&avts=1705064454&keywords=%D1%88%D0%B8%D0%BA+%D0%B2%D0%BE%D0%BB%D0%BE%D1%81%D0%BE%D0%B3%D0%BE%D0%BD+%D0%BE%D1%82+%D0%B7%D0%B0%D1%81%D0%BE%D1%80%D0%BE%D0%B2,335 ,4.8  ,4 544,700,шик волосогон от засоров,2024-01-12,Pg1_25,False,1,25
https://cdn1.ozone.ru/s3/multimedia-k/6706553492.jpg,1083173562,"Средство для устранения засоров труб от волос в гранулах, Expel, ВОЛОСОГОН, на 20 засоров, 600 г 2 шт.",https://www.ozon.ru/product/sredstvo-dlya-ustraneniya-zasorov-trub-ot-volos-v-granulah-expel-volosogon-na-20-zasorov-600-g-2-sht-1083173562/?asb=rzDTGOdjVZ75JcToR609ddUj47YZEaJb2h4q%252BSNR0nc%253D&asb2=PzdFrtg5wq2yVwLUky9r0xvl6kuNvKMTziugXnxMo9oI0Gx7330G9Sg12CiihEAZ&avtc=1&avte=2&avts=1705064454&keywords=%D1%88%D0%B8%D0%BA+%D0%B2%D0%BE%D0%BB%D0%BE%D1%81%D0%BE%D0%B3%D0%BE%D0%BD+%D0%BE%D1%82+%D0%B7%D0%B0%D1%81%D0%BE%D1%80%D0%BE%D0%B2,585 ,4.9  ,1 915 ,201,шик волосогон от засоров,2024-01-12,Pg1_26,False,1,26
https://cdn1.ozone.ru/s3/multimedia-t/6799317761.jpg,803653050,"Средство от засоров GOODHIM Turboчист, 5 л",https://www.ozon.ru/product/sredstvo-ot-zasorov-goodhim-turbochist-5-l-803653050/?advert=2INnTUeMYKjg-Al6QzXTzOdDKAlF07Wn-abgjFHsPp5hPTGn4PvMyINTH72vNT4Agz1ugfuTYFHw0RP0PvxG8AR0sLl9b3rYCln1WIOjVs7AlmV8yDgL-2890VDIStyET5F3nxOQqs_c1DXWJI2PewcpPBNVf2MHZrkmEq9YZNKhpf3zkPlQgWZadNvQCdqGOeen0AhRod3q_wWz3EkgUJkpenoeJQqL23HwsnEymkqj3XBwkBhJGHOtRVRQvMSwnnUFUGVlKKjI6EMDl2twrN7d3n0yxL3fpwNrJaCD9--wptgfSdOLsNPrYEt67MgQLeAXtWOBW-uHlSkvinm8DmqOmGBU6JU&avtc=1&avte=2&avts=1705064454&keywords=%D1%88%D0%B8%D0%BA+%D0%B2%D0%BE%D0%BB%D0%BE%D1%81%D0%BE%D0%B3%D0%BE%D0%BD+%D0%BE%D1%82+%D0%B7%D0%B0%D1%81%D0%BE%D1%80%D0%BE%D0%B2,458 ,4.8  ,221,339,шик волосогон от засоров,2024-01-12,Pg1_27,True,1,27
https://cdn1.ozone.ru/s3/multimedia-d/6655259101.jpg,600662387,"Средство от засоров для очистки труб и устранения сложных засоров в домах с питомцами WONDER LAB, экологичное, от шерсти животных в трубах, для чистки канализации, 1100 мл",https://www.ozon.ru/product/sredstvo-ot-zasorov-dlya-ochistki-trub-i-ustraneniya-slozhnyh-zasorov-v-domah-s-pitomtsami-wonder-600662387/?asb=V8wSxKXuWym8bDs8r2CdijHOL4oJJwufBfi%252F4Vsg1%252FY%253D&asb2=RCZOlHD-CnGtVZAyEmDmo_XFm8JoMaVC0K8xiLFxGgZIJWlNbLXinFWycmjjuaYx&avtc=1&avte=2&avts=1705064454&keywords=%D1%88%D0%B8%D0%BA+%D0%B2%D0%BE%D0%BB%D0%BE%D1%81%D0%BE%D0%B3%D0%BE%D0%BD+%D0%BE%D1%82+%D0%B7%D0%B0%D1%81%D0%BE%D1%80%D0%BE%D0%B2,320 ,4.8  ,748 ,700,шик волосогон от засоров,2024-01-12,Pg1_28,False,1,28
https://cdn1.ozone.ru/s3/multimedia-3/6488561007.jpg,534622739,Expel Средство для устранения засоров от волос 1шт саше 50г,https://www.ozon.ru/product/expel-sredstvo-dlya-ustraneniya-zasorov-ot-volos-1sht-sashe-50g-534622739/?asb=Fy7V1I5Hc7%252BTqIANzfc%252FlUrNjfxYyayITRciVVZUj9c%253D&asb2=piBPVp-3nAHPi0TgqUpr4UYir3_6Ewt7UqpJmx9hkv5jbRI-JfM7mohwliaV1Iw1&avtc=1&avte=2&avts=1705064454&keywords=%D1%88%D0%B8%D0%BA+%D0%B2%D0%BE%D0%BB%D0%BE%D1%81%D0%BE%D0%B3%D0%BE%D0%BD+%D0%BE%D1%82+%D0%B7%D0%B0%D1%81%D0%BE%D1%80%D0%BE%D0%B2,171 ,4.8  ,25 ,37,шик волосогон от засоров,2024-01-12,Pg1_29,False,1,29
https://cdn1.ozone.ru/s3/multimedia-1/6362759689.jpg,631111929,Ядерный удар. От Мегазасоров! Профессиональное средство для устранения засоров в трубах. 4500 гр ,https://www.ozon.ru/product/yadernyy-udar-ot-megazasorov-professionalnoe-sredstvo-dlya-ustraneniya-zasorov-v-trubah-4500-gr-631111929/?advert=BfMtdSaBmuwSbP38IUNux07MelO9ux7GGRkfkHbfrGZhR9K530SR8OwAcbIQdwdymVfxa7r859JkbkSwUC5ai-03qi3oYA-YDnoYHK0zD05iQLyXITqPSyw90K9QOPuxFapSq0O7s44tLsMXDcUVuaOVvCDXNZ_oIcEQKLQrbzGGKQXr38YWhQlUAfG5irZgyzBZqSUqR0AeeCrAaMaBga4Gg0d9fvphA6bFOOgi3QF9T5Gpc7raEvE_StV1jPcY44eTof7NWmK8gM-nwdpOo4VCnRKghKe2bmsNBR0riUQuGrWSVeF_I3gh1ZePIrXmbK3G74f_3uAPRL48DANk-6d-N_kYeOQ&avtc=1&avte=4&avts=1705064454&keywords=%D1%88%D0%B8%D0%BA+%D0%B2%D0%BE%D0%BB%D0%BE%D1%81%D0%BE%D0%B3%D0%BE%D0%BD+%D0%BE%D1%82+%D0%B7%D0%B0%D1%81%D0%BE%D1%80%D0%BE%D0%B2,1 831 ,4.7  ,1 898 ,30,шик волосогон от засоров,2024-01-12,Pg1_30,True,1,30
https://cdn1.ozone.ru/s3/multimedia-7/6849594655.jpg,703142845,"Средство чистящее от засоров труб dr.Zhozh 500 мл , жидкость волосогон для стоков унитаза, кухни и ванной, бытовая химия",https://www.ozon.ru/product/sredstvo-chistyashchee-ot-zasorov-trub-dr-zhozh-500-ml-zhidkost-volosogon-dlya-stokov-unitaza-kuhni-703142845/?asb=GyvUneo0bJveLAS8XCXOiN0tl4TkI7QaWVx4nglAfpLpdcS0syilUwhZzNNoNRcM&asb2=tivyamOrEXntlUaYYnT_6x69ZxcjonXGpB1nW7PHhFPnjyzynPv-Bz9hf8L-ChzJGdyDpLMjyYUXccIMFMuWqvzkNxlgoEVxxZfWhKraq5KXHmVTeGLh0_f3y5EkuozTgqNPEq9GGO2L_I33jSImIZgkh1spGmz0S8URW5s2fTs&avtc=1&avte=2&avts=1705064454&keywords=%D1%88%D0%B8%D0%BA+%D0%B2%D0%BE%D0%BB%D0%BE%D1%81%D0%BE%D0%B3%D0%BE%D0%BD+%D0%BE%D1%82+%D0%B7%D0%B0%D1%81%D0%BE%D1%80%D0%BE%D0%B2,224 ,4.7  ,1 336 ,673,шик волосогон от засоров,2024-01-12,Pg1_31,False,1,31
https://cdn1.ozone.ru/s3/multimedia-c/6576331608.jpg,872527266,Щётка-ёршик для прочистки труб от волос и засоров в раковинах и ваннах,https://www.ozon.ru/product/shchetka-ershik-dlya-prochistki-trub-ot-volos-i-zasorov-v-rakovinah-i-vannah-872527266/?asb=wv%252BmrfcbDwifNvdR7moz%252Ba9nJ3CrcxaRYDqXfYDuS9I%253D&asb2=L_DBz0stb6m4F8VUabcPWXmXjmP6fOrStlBqVPJ9-3Fb8qarP77G9cGlNnV0SYQ1&avtc=1&avte=2&avts=1705064454&keywords=%D1%88%D0%B8%D0%BA+%D0%B2%D0%BE%D0%BB%D0%BE%D1%81%D0%BE%D0%B3%D0%BE%D0%BD+%D0%BE%D1%82+%D0%B7%D0%B0%D1%81%D0%BE%D1%80%D0%BE%D0%B2,137 ,4.7  ,3 146 ,619,шик волосогон от засоров,2024-01-12,Pg1_32,False,1,32
https://cdn1.ozone.ru/s3/multimedia-0/6870440304.jpg,1298434843,"Волосогон от засоров, ершик для прочистки труб, щетка для прочистки засоров в ванной комнате, раковине, душевой. Ершик для кальяна, улавливатель волос, вантуз для раковины",https://www.ozon.ru/product/volosogon-ot-zasorov-ershik-dlya-prochistki-trub-shchetka-dlya-prochistki-zasorov-v-vannoy-komnate-1298434843/?asb=PgCyBvdIODBSSuFv8GfKUx832cCky4q9hwOd0HMqhuo5D4b9LcrevVD3PIb9xyMT&asb2=PAbFeTGNwGkrEbSccBbrMiMv8Trg3ZIIYsp9xpuHtYIGjEWE-ZNrRrcZWCTH7g3xQvnUBdIPvXnXZbVyXSs6UIhJSYXDIqoNIpbYBJhwCqxKF6nEBYNo-YFPsjTG_YfSU_hFL9QWk069JOI-gVsH8x5HnktXd06wAjNyNJ4N3fw&avtc=1&avte=2&avts=1705064454&keywords=%D1%88%D0%B8%D0%BA+%D0%B2%D0%BE%D0%BB%D0%BE%D1%81%D0%BE%D0%B3%D0%BE%D0%BD+%D0%BE%D1%82+%D0%B7%D0%B0%D1%81%D0%BE%D1%80%D0%BE%D0%B2,166 ,4.8  ,100 ,700,шик волосогон от засоров,2024-01-12,Pg1_33,False,1,33
https://cdn1.ozone.ru/s3/multimedia-m/6825758278.jpg,1139014579,"Средство от засоров "" Гарант"" гранулы, 500 гр 2 шт выгодный вариант! Волосогон",https://www.ozon.ru/product/sredstvo-ot-zasorov-garant-granuly-500-gr-2-sht-vygodnyy-variant-volosogon-1139014579/?asb=uvDJtbxuZ6OPETL%252BeXkhJj3rRubk8O1IswVh5YORM62B5tbtUdgKcEj%252B3H%252FcTNXL&asb2=SDzk9hGZRtFMU0t1vOYvKgpNro25YXmz6wZwARIDqjbL76mygojWwTj__qVR84GqnDLRr3XnWgesOrLQeBm1FDCNnCqRagdBJHR_iVMHVFyhuPS-BMdeuxeUnFWiU_lS4sV-6S91PMhz0F3he6OPJ6cohRNqApwrTHVuKhDH5qU&avtc=1&avte=2&avts=1705064454&keywords=%D1%88%D0%B8%D0%BA+%D0%B2%D0%BE%D0%BB%D0%BE%D1%81%D0%BE%D0%B3%D0%BE%D0%BD+%D0%BE%D1%82+%D0%B7%D0%B0%D1%81%D0%BE%D1%80%D0%BE%D0%B2,489 ,4.8  ,1 033,167,шик волосогон от засоров,2024-01-12,Pg1_34,False,1,34
https://cdn1.ozone.ru/s3/multimedia-u/6751266906.jpg,476600609,"Чистящее средство от засоров для прочистки труб. Волосогон от волос для чистки ванны, унитаза, раковины, туалета, канализации. Гель антизасор для устранения канализацонных засоров, 5 литров",https://www.ozon.ru/product/chistyashchee-sredstvo-ot-zasorov-dlya-prochistki-trub-volosogon-ot-volos-dlya-chistki-vanny-476600609/?asb=nC5v1H9dls8iHUiZCmmMfTOrVy5vNXDslVFNmG6rQx8%253D&asb2=T7gOWSjY-iJzw_F8j_xtPhqexqUyNLwFgDYlrbVDbsVpY4H-O5Cx0b-QcWdOc5FwmcYAr8gmFIqg2S2JkxwY5EHQ2sSpNk6qJhjZ46PkKwcHhS1UIdjTfJ5OdYDKWybrep39gE8GVXEPx3dVpdZ0mw&avtc=1&avte=2&avts=1705064454&keywords=%D1%88%D0%B8%D0%BA+%D0%B2%D0%BE%D0%BB%D0%BE%D1%81%D0%BE%D0%B3%D0%BE%D0%BD+%D0%BE%D1%82+%D0%B7%D0%B0%D1%81%D0%BE%D1%80%D0%BE%D0%B2,587 ,4.8  ,834,70,шик волосогон от засоров,2024-01-12,Pg1_35,False,1,35
https://cdn1.ozone.ru/s3/multimedia-n/6873351575.jpg,1011935743,"Средство для прочистки труб от засоров Sanfor, 1500 г, 2 шт",https://www.ozon.ru/product/sredstvo-dlya-prochistki-trub-ot-zasorov-sanfor-1500-g-2-sht-1011935743/?asb=m1MyGkwdx4Cx8q9NBwZ32fnN%252BVcuLBqnSc1ZpvY5vmA%253D&asb2=XAMkixfuesdAvCJb8CPZToPgtPqsKA00sQTlPbcFsFqDUOTgMUmQ3OWMElnd9Iqq&avtc=1&avte=2&avts=1705064454&keywords=%D1%88%D0%B8%D0%BA+%D0%B2%D0%BE%D0%BB%D0%BE%D1%81%D0%BE%D0%B3%D0%BE%D0%BD+%D0%BE%D1%82+%D0%B7%D0%B0%D1%81%D0%BE%D1%80%D0%BE%D0%B2,246 ,4.8  ,320 ,700,шик волосогон от засоров,2024-01-12,Pg1_36,False,1,36
