¶þ¼¶Àà±ð,¶þ¼¶Àà±ðÖÐÎÄ,Èý¼¶Àà±ð,Èý¼¶Àà±ðÖÐÎÄ,ËÄ¼¶Àà±ð,ËÄ¼¶Àà±ðÖÐÎÄ,ÉÌÆ·Ãû³Æ,ÉÌÆ·Á´½Ó,³¬¼¶ÉÌÆ·,Âô¼Ò,Æ·ÅÆ,¹¤×÷Á÷³Ì,¶©µ¥×Ü¶î (?),Æ½¾ùÏúÊÛ¼Û¸ñ (?),¿ÉÓÃÐÔ£¨%£©,¿ÉÓÃÈÕÆ½¾ù¶©µ¥½ð¶î (?),¿ÉÓÃÈÕÆ½¾ù¶©µ¥ÊýÁ¿£¨¼þ£©,ÓÉÓÚÈ±»õ¶ø´íÊ§µÄ¶©µ¥×Ü¶î (?),·¢»õ²Ö¿âÊýÁ¿£¨¼þ£©,½»»õÆÚÏÞ£¨Ìì£©,¹ýÈ¥28ÌìÄ¿Â¼ä¯ÀÀ´ÎÊý£¨¼þ£©,¹ýÈ¥28ÌìÉÌÆ·ÏêÇéÒ³ä¯ÀÀ´ÎÊý£¨¼þ£©,´ÓÄ¿Â¼µ½¹ºÎï³µµÄ×ª»¯ÂÊ£¨%£©,´ÓÉÌÆ·ÏêÇéÒ³µ½¹ºÎï³µµÄ×ª»¯ÂÊ£¨%£©,ÉÌÆ·ÏêÇéÒ³´´½¨ÈÕÆÚ
§¬§å§ç§ß§ñ,³ø·¿,§±§à§ã§å§Õ§Ñ §Õ§Ý§ñ §é§Ñ§ñ §Ú §Ü§à§æ§Ö,²èºÍ¿§·ÈÆ÷Ãó,§±§à§Õ§ã§ä§Ñ§Ü§Ñ§ß§ß§Ú§Ü,±­ÍÐ,"§±§à§Õ§ã§ä§Ñ§Ü§Ñ§ß§ß§Ú§Ü §ã§à §ã§ä§Ñ§Ü§Ñ§ß§à§Þ ""§¬§à§Ý§î§é§å§Ô§Ú§ß§ã§Ü§Ú§Û §Þ§Ö§Ý§î§ç§Ú§à§â"" ""§¤§Ý§Ñ§Ó§Ñ §ã§Ö§Þ§î§Ú"" §ß§Ú§Ü§Ö§Ý§Ú§â§à§Ó§Ñ§ß§ß§í§Û §ã §é§Ö§â§ß§Ö§ß§Ú§Ö§Þ §á§à§Õ§Ñ§â§à§Ü §á§Ñ§á§Ö, §Õ§Ö§Õ§å§ê§Ü§Ö, §Þ§å§Ø§å",https://www.ozon.ru/product/238364209,§¥§Ñ,§¬§à§Ý§î§é§å§Ô§Ú§ß§ã§Ü§Ú§Û §Þ§Ö§Ý§î§ç§Ú§à§â,§¬§à§Ý§î§é§å§Ô§Ú§ß§ã§Ü§Ú§Û §Þ§Ö§Ý§î§ç§Ú§à§â,FBO,281073.18,2465.5542,1,10038.3279,4.0714,0,18,1.118703704,37830,2638,0.001401004,0.074298711,2021/3/5
§¬§å§ç§ß§ñ,³ø·¿,§±§à§ã§å§Õ§Ñ §Õ§Ý§ñ §é§Ñ§ñ §Ú §Ü§à§æ§Ö,²èºÍ¿§·ÈÆ÷Ãó,§±§à§Õ§ã§ä§Ñ§Ü§Ñ§ß§ß§Ú§Ü,±­ÍÐ,"§±§à§Õ§ã§ä§Ñ§Ü§Ñ§ß§ß§Ú§Ü §¬§à§Ý§î§é§å§Ô§Ú§ß§ã§Ü§Ú§Û §Þ§Ö§Ý§î§ç§Ú§à§â ""§®§Ö§Õ§ß§í§Û §Ó§ã§Ñ§Õ§ß§Ú§Ü"" §ß§Ú§Ü§Ö§Ý§Ú§â§à§Ó§Ñ§ß§ß§í§Û §ã §é§Ö§â§ß§Ö§ß§Ú§Ö§Þ §Ó §á§à§Õ§Ñ§â§à§Ü §Þ§å§Ø§é§Ú§ß§Ö, §â§à§Õ§Ú§ä§Ö§Ý§ñ§Þ, §â§à§Õ§ã§ä§Ó§Ö§ß§ß§Ú§Ü§Ñ§Þ, §Ü§à§Ý§Ý§Ö§Ô§Ñ§Þ",https://www.ozon.ru/product/222389393,§¥§Ñ,§¬§à§Ý§î§é§å§Ô§Ú§ß§ã§Ü§Ú§Û §Þ§Ö§Ý§î§ç§Ú§à§â,§¬§à§Ý§î§é§å§Ô§Ú§ß§ã§Ü§Ú§Û §Þ§Ö§Ý§î§ç§Ú§à§â,FBO,26477,1765.1333,0.107142857,8825.6667,5,220641.6667,3,2.065860215,860,45,0.001162791,0.111111111,2021/1/14
§¬§å§ç§ß§ñ,³ø·¿,§±§à§ã§å§Õ§Ñ §Õ§Ý§ñ §é§Ñ§ñ §Ú §Ü§à§æ§Ö,²èºÍ¿§·ÈÆ÷Ãó,§±§à§Õ§ã§ä§Ñ§Ü§Ñ§ß§ß§Ú§Ü,±­ÍÐ,"§±§à§Õ§ã§ä§Ñ§Ü§Ñ§ß§ß§Ú§Ü §¬§à§Ý§î§é§å§Ô§Ú§ß§ã§Ü§Ú§Û §Þ§Ö§Ý§î§ç§Ú§à§â ""§¤§Ö§â§Ò §³§³§³§²"" §ß§Ú§Ü§Ö§Ý§Ú§â§à§Ó§Ñ§ß§ß§í§Û §ã §é§Ö§â§ß§î§ð §Ó §á§à§Õ§Ñ§â§à§Ü §Þ§å§Ø§é§Ú§ß§Ö,§Õ§â§å§Ô§å,§Ü§à§Ý§Ý§Ö§Ô§Ö.",https://www.ozon.ru/product/222401481,§¥§Ñ,§¬§à§Ý§î§é§å§Ô§Ú§ß§ã§Ü§Ú§Û §Þ§Ö§Ý§î§ç§Ú§à§â,§¬§à§Ý§î§é§å§Ô§Ú§ß§ã§Ü§Ú§Û §Þ§Ö§Ý§î§ç§Ú§à§â,FBO,233530.1111,1796.3855,1,8340.3611,4.6429,0,13,1.806258106,53934,3878,0.001687247,0.076843734,2021/1/14
§¬§å§ç§ß§ñ,³ø·¿,§±§à§ã§å§Õ§Ñ §Õ§Ý§ñ §é§Ñ§ñ §Ú §Ü§à§æ§Ö,²èºÍ¿§·ÈÆ÷Ãó,§±§à§Õ§ã§ä§Ñ§Ü§Ñ§ß§ß§Ú§Ü,±­ÍÐ,"§±§à§Õ§ã§ä§Ñ§Ü§Ñ§ß§ß§Ú§Ü §ã§à §ã§ä§Ñ§Ü§Ñ§ß§à§Þ §¬§à§Ý§î§é§å§Ô§Ú§ß§ã§Ü§Ú§Û §Þ§Ö§Ý§î§ç§Ú§à§â ""§²§à§ã§ã§Ú§ñ - §¤§Ö§â§Ò §²§¶"" §ß§Ú§Ü§Ö§Ý§Ú§â§à§Ó§Ñ§ß§ß§í§Û §ã §é§Ö§â§ß§î§ð §Ó §á§à§Õ§Ñ§â§à§Ü §Þ§å§Ø§é§Ú§ß§Ö, §Õ§â§å§Ù§î§ñ§Þ,§Ü§à§Ý§Ý§Ö§Ô§Ö",https://www.ozon.ru/product/221117796,§¥§Ñ,§¬§à§Ý§î§é§å§Ô§Ú§ß§ã§Ü§Ú§Û §Þ§Ö§Ý§î§ç§Ú§à§â,§¬§à§Ý§î§é§å§Ô§Ú§ß§ã§Ü§Ú§Û §Þ§Ö§Ý§î§ç§Ú§à§â,FBO,215506.52,2477.0864,1,7696.6614,3.1071,0,15,1.178472222,39377,2298,0.000888844,0.06483899,2021/1/11
§¬§å§ç§ß§ñ,³ø·¿,§±§à§ã§å§Õ§Ñ §Õ§Ý§ñ §é§Ñ§ñ §Ú §Ü§à§æ§Ö,²èºÍ¿§·ÈÆ÷Ãó,§±§à§Õ§ã§ä§Ñ§Ü§Ñ§ß§ß§Ú§Ü,±­ÍÐ,"§±§à§Õ§Ñ§â§à§é§ß§í§Û §ß§Ñ§Ò§à§â §Õ§Ý§ñ §é§Ñ§ñ §á§à§Õ§ã§ä§Ñ§Ü§Ñ§ß§ß§Ú§Ü §ã§à §ã§ä§Ñ§Ü§Ñ§ß§à§Þ §Ú §Ý§à§Ø§Ü§à§Û §¬§à§Ý§î§é§å§Ô§Ú§ß§ã§Ü§Ú§Û §Þ§Ö§Ý§î§ç§Ú§à§â ""§¤§Ý§Ñ§Ó§Ñ §ã§Ö§Þ§î§Ú"" §ß§Ú§Ü§Ö§Ý§Ú§â§à§Ó§Ñ§ß§ß§í§Û §ã §á§à§Ù§à§Ý§à§ä§à§Û §Ó §á§à§Õ§Ñ§â§à§Ü §Þ§å§Ø§é§Ú§ß§Ö, §Þ§å§Ø§å, §á§Ñ§á§Ö, §Õ§Ö§Õ§å§ê§Ü§Ö",https://www.ozon.ru/product/463841825,§¯§Ö§ä,§¬§à§Ý§î§é§å§Ô§Ú§ß§ã§Ü§Ú§Û §Þ§Ö§Ý§î§ç§Ú§à§â,§¬§à§Ý§î§é§å§Ô§Ú§ß§ã§Ü§Ú§Û §Þ§Ö§Ý§î§ç§Ú§à§â,FBS,7358,7358,0.035714286,7358,1,198666,1,0,105,22,0,0.045454545,2022/1/11
§¬§å§ç§ß§ñ,³ø·¿,§±§à§ã§å§Õ§Ñ §Õ§Ý§ñ §é§Ñ§ñ §Ú §Ü§à§æ§Ö,²èºÍ¿§·ÈÆ÷Ãó,§±§à§Õ§ã§ä§Ñ§Ü§Ñ§ß§ß§Ú§Ü,±­ÍÐ,§±§à§Õ§ã§ä§Ñ§Ü§Ñ§ß§ß§Ú§Ü "§£§à§Ö§ß§ß§í§Û",https://www.ozon.ru/product/769527241,§¯§Ö§ä,Premium Plus,,FBS,28021.3352,849.1314,0.142857143,7005.3338,8.25,168128.0112,1,6.700211864,2972,1639,0.001682369,0.06528371,2022/10/31
§¬§å§ç§ß§ñ,³ø·¿,§±§à§ã§å§Õ§Ñ §Õ§Ý§ñ §é§Ñ§ñ §Ú §Ü§à§æ§Ö,²èºÍ¿§·ÈÆ÷Ãó,§±§à§Õ§ã§ä§Ñ§Ü§Ñ§ß§ß§Ú§Ü,±­ÍÐ,§±§à§Õ§ã§ä§Ñ§Ü§Ñ§ß§ß§Ú§Ü "§£§à§Ö§ß§ß§í§Û",https://www.ozon.ru/product/211822207,§¯§Ö§ä,GlobalMart,RD,FBS,46126,795.2759,0.25,6589.4286,8.2857,138378,1,5.306743421,4833,1264,0.005793503,0.098892405,2020/11/29
§¬§å§ç§ß§ñ,³ø·¿,§±§à§ã§å§Õ§Ñ §Õ§Ý§ñ §é§Ñ§ñ §Ú §Ü§à§æ§Ö,²èºÍ¿§·ÈÆ÷Ãó,§±§à§Õ§ã§ä§Ñ§Ü§Ñ§ß§ß§Ú§Ü,±­ÍÐ,"§±§à§Õ§ã§ä§Ñ§Ü§Ñ§ß§ß§Ú§Ü §ã§à §ã§ä§Ñ§Ü§Ñ§ß§à§Þ §¬§à§Ý§î§é§å§Ô§Ú§ß§ã§Ü§Ú§Û §Þ§Ö§Ý§î§ç§Ú§à§â ""§¤§Ö§â§Ò §³§³§³§²"" §ß§Ú§Ü§Ö§Ý§Ú§â§à§Ó§Ñ§ß§ß§í§Û §ã §é§Ö§â§ß§Ö§ß§Ú§Ö§Þ §Ó §á§à§Õ§Ñ§â§à§Ü §Þ§å§Ø§é§Ú§ß§Ö, §Ü§à§Ý§Ý§Ö§Ô§Ö, §Õ§â§å§Ô§å",https://www.ozon.ru/product/221117786,§¥§Ñ,§¬§à§Ý§î§é§å§Ô§Ú§ß§ã§Ü§Ú§Û §Þ§Ö§Ý§î§ç§Ú§à§â,§¬§à§Ý§î§é§å§Ô§Ú§ß§ã§Ü§Ú§Û §Þ§Ö§Ý§î§ç§Ú§à§â,FBO,173517.0014,2478.8143,1,6197.0358,2.5,0,16,1.489035088,33647,1704,0.001159093,0.063380282,2021/1/11
§¬§å§ç§ß§ñ,³ø·¿,§±§à§ã§å§Õ§Ñ §Õ§Ý§ñ §é§Ñ§ñ §Ú §Ü§à§æ§Ö,²èºÍ¿§·ÈÆ÷Ãó,§±§à§Õ§ã§ä§Ñ§Ü§Ñ§ß§ß§Ú§Ü,±­ÍÐ,§±§à§Õ§ã§ä§Ñ§Ü§Ñ§ß§ß§Ú§Ü "§¤§Ö§â§Ò §³§³§³§²" §ã §é§Ñ§Û§ß§à§Û §Ý§à§Ø§Ü§à§Û §Ó §Ü§Ñ§â§ä§à§ß§ß§à§Û §Ü§à§â§à§Ò§Ü§Ö (§Ô§â§Ñ§ß§Ö§ß§í§Û §ã§ä§Ñ§Ü§Ñ§ß),https://www.ozon.ru/product/1093856229,§¯§Ö§ä,§ª§® "§°§ä§Õ§Ñ§Þ §á§à§Õ§Ñ§â§à§Ü",§°§ä§Õ§Ñ§Þ §á§à§Õ§Ñ§â§à§Ü,FBS,141875.3602,2627.3215,0.857142857,5911.4733,2.25,23645.8934,1,5.635501355,57909,4091,0.000742544,0.055976534,2023/7/23
§¬§å§ç§ß§ñ,³ø·¿,§±§à§ã§å§Õ§Ñ §Õ§Ý§ñ §é§Ñ§ñ §Ú §Ü§à§æ§Ö,²èºÍ¿§·ÈÆ÷Ãó,§±§à§Õ§ã§ä§Ñ§Ü§Ñ§ß§ß§Ú§Ü,±­ÍÐ,§±§à§Õ§ã§ä§Ñ§Ü§Ñ§ß§ß§Ú§Ü §¬§à§Ý§î§é§å§Ô§Ú§ß§ã§Ü§Ú§Û §®§Ö§Ý§î§ç§Ú§à§â "§°§ä§Ö§é§Ö§ã§ä§Ó§à. §¥§à§Ý§Ô. §¹§Ö§ã§ä§î" §Ó §á§à§Õ§Ñ§â§à§é§ß§à§Û §Ü§à§â§à§Ò§Ü§Ö,https://www.ozon.ru/product/263022731,§¯§Ö§ä,Copterdrone.ru,§¬§à§Ý§î§é§å§Ô§Ú§ß§ã§Ü§Ú§Û §Þ§Ö§Ý§î§ç§Ú§à§â,FBS,4575,2287.5,0.035714286,4575,2,123525,1,5.208333333,76,24,0,0.166666667,2021/5/14
§¬§å§ç§ß§ñ,³ø·¿,§±§à§ã§å§Õ§Ñ §Õ§Ý§ñ §é§Ñ§ñ §Ú §Ü§à§æ§Ö,²èºÍ¿§·ÈÆ÷Ãó,§±§à§Õ§ã§ä§Ñ§Ü§Ñ§ß§ß§Ú§Ü,±­ÍÐ,"§±§à§Õ§ã§ä§Ñ§Ü§Ñ§ß§ß§Ú§Ü §ã§à §ã§ä§Ñ§Ü§Ñ§ß§à§Þ §¬§à§Ý§î§é§å§Ô§Ú§ß§ã§Ü§Ú§Û §Þ§Ö§Ý§î§ç§Ú§à§â ""§®§å§Õ§â§à§Þ§å §â§å§Ü§à§Ó§à§Õ§Ú§ä§Ö§Ý§ð"" §ß§Ú§Ü§Ö§Ý§Ú§â§à§Ó§Ñ§ß§ß§í§Û §ã §é§Ö§â§ß§Ö§ß§Ú§Ö§Þ §Ó §á§à§Õ§Ñ§â§à§Ü §Þ§å§Ø§é§Ú§ß§Ö, §â§å§Ü§à§Ó§à§Õ§Ú§ä§Ö§Ý§ð, §Õ§â§å§Ô§å",https://www.ozon.ru/product/242246250,§¥§Ñ,§¬§à§Ý§î§é§å§Ô§Ú§ß§ã§Ü§Ú§Û §Þ§Ö§Ý§î§ç§Ú§à§â,§¬§à§Ý§î§é§å§Ô§Ú§ß§ã§Ü§Ú§Û §Þ§Ö§Ý§î§ç§Ú§à§â,FBO,113661.9474,2470.9119,1,4059.3553,1.6429,0,9,1.707407407,21327,1285,0.000984667,0.056809339,2021/3/17
§¬§å§ç§ß§ñ,³ø·¿,§±§à§ã§å§Õ§Ñ §Õ§Ý§ñ §é§Ñ§ñ §Ú §Ü§à§æ§Ö,²èºÍ¿§·ÈÆ÷Ãó,§±§à§Õ§ã§ä§Ñ§Ü§Ñ§ß§ß§Ú§Ü,±­ÍÐ,"§±§à§Õ§ã§ä§Ñ§Ü§Ñ§ß§ß§Ú§Ü §ã§à §ã§ä§Ñ§Ü§Ñ§ß§à§Þ §¬§à§Ý§î§é§å§Ô§Ú§ß§ã§Ü§Ú§Û §Þ§Ö§Ý§î§ç§Ú§à§â ""§¤§Ö§à§â§Ô§Ú§Û §±§à§Ò§Ö§Õ§à§ß§à§ã§Ö§è"" §ß§Ú§Ü§Ö§Ý§Ú§â§à§Ó§Ñ§ß§ß§í§Û §ã §é§Ö§â§ß§Ö§ß§Ú§Ö§Þ §Ó §á§à§Õ§Ñ§â§à§Ü §Þ§å§Ø§é§Ú§ß§Ö, §Õ§â§å§Ù§î§ñ§Þ,§Ü§à§Ý§Ý§Ö§Ô§Ö",https://www.ozon.ru/product/221117797,§¥§Ñ,§¬§à§Ý§î§é§å§Ô§Ú§ß§ã§Ü§Ú§Û §Þ§Ö§Ý§î§ç§Ú§à§â,§¬§à§Ý§î§é§å§Ô§Ú§ß§ã§Ü§Ú§Û §Þ§Ö§Ý§î§ç§Ú§à§â,FBO,111459.7496,2476.8833,1,3980.7053,1.6071,0,13,1.599074074,34114,1442,0.001055285,0.05409154,2021/1/11
§¬§å§ç§ß§ñ,³ø·¿,§±§à§ã§å§Õ§Ñ §Õ§Ý§ñ §é§Ñ§ñ §Ú §Ü§à§æ§Ö,²èºÍ¿§·ÈÆ÷Ãó,§±§à§Õ§ã§ä§Ñ§Ü§Ñ§ß§ß§Ú§Ü,±­ÍÐ,"§±§à§Õ§ã§ä§Ñ§Ü§Ñ§ß§ß§Ú§Ü §¬§à§Ý§î§é§å§Ô§Ú§ß§ã§Ü§Ú§Û §Þ§Ö§Ý§î§ç§Ú§à§â ""§¤§Ý§Ñ§Ó§Ñ §ã§Ö§Þ§î§Ú"" §ß§Ú§Ü§Ö§Ý§Ú§â§à§Ó§Ñ§ß§ß§í§Û §ã §é§Ö§â§ß§î§ð §Ó §á§à§Õ§Ñ§â§à§Ü §á§Ñ§á§Ö, §Õ§Ö§Õ§å§ê§Ü§Ö, §Þ§å§Ø§å",https://www.ozon.ru/product/233034600,§¯§Ö§ä,§¬§à§Ý§î§é§å§Ô§Ú§ß§ã§Ü§Ú§Û §Þ§Ö§Ý§î§ç§Ú§à§â,§¬§à§Ý§î§é§å§Ô§Ú§ß§ã§Ü§Ú§Û §Þ§Ö§Ý§î§ç§Ú§à§â,FBO,106626.9301,1777.1155,1,3808.1046,2.1429,0,15,1.350378788,38446,2091,0.000936378,0.06551889,2021/2/24
§¬§å§ç§ß§ñ,³ø·¿,§±§à§ã§å§Õ§Ñ §Õ§Ý§ñ §é§Ñ§ñ §Ú §Ü§à§æ§Ö,²èºÍ¿§·ÈÆ÷Ãó,§±§à§Õ§ã§ä§Ñ§Ü§Ñ§ß§ß§Ú§Ü,±­ÍÐ,§±§à§Õ§ã§ä§Ñ§Ü§Ñ§ß§ß§Ú§Ü "§¤§Ö§â§Ò §³§³§³§²" §ã §é§Ñ§Û§ß§à§Û §Ý§à§Ø§Ü§à§Û §Ó §Ü§Ñ§â§ä§à§ß§ß§à§Û §Ü§à§â§à§Ò§Ü§Ö (§Ô§â§Ñ§ß§Ö§ß§í§Û §ã§ä§Ñ§Ü§Ñ§ß),https://www.ozon.ru/product/1158516875,§¯§Ö§ä,§°§ä§Õ§Ñ§Þ §á§à§Õ§Ñ§â§à§Ü 2.0,§°§ä§Õ§Ñ§Þ §á§à§Õ§Ñ§â§à§Ü,FBS,84141.0585,2629.4081,0.821428571,3658.3069,1.3913,18291.5345,1,5.088541667,30749,1168,0.000650428,0.070205479,2023/8/28
§¬§å§ç§ß§ñ,³ø·¿,§±§à§ã§å§Õ§Ñ §Õ§Ý§ñ §é§Ñ§ñ §Ú §Ü§à§æ§Ö,²èºÍ¿§·ÈÆ÷Ãó,§±§à§Õ§ã§ä§Ñ§Ü§Ñ§ß§ß§Ú§Ü,±­ÍÐ,"§±§à§Õ§ã§ä§Ñ§Ü§Ñ§ß§ß§Ú§Ü §ã§à §ã§ä§Ñ§Ü§Ñ§ß§à§Þ §¬§à§Ý§î§é§å§Ô§Ú§ß§ã§Ü§Ú§Û §Þ§Ö§Ý§î§ç§Ú§à§â ""§¤§Ö§â§Ò §³§³§³§² §³§à§Ó§Ö§ä§ã§Ü§Ú§Û"" §ß§Ú§Ü§Ö§Ý§Ú§â§à§Ó§Ñ§ß§ß§í§Û §ã §é§Ö§â§ß§Ö§ß§Ú§Ö§Þ §Ó §Þ§å§Ø§é§Ú§ß§Ö, §Õ§Ö§Õ§å§ê§Ü§Ö, §Þ§å§Ø§å",https://www.ozon.ru/product/221117783,§¥§Ñ,§¬§à§Ý§î§é§å§Ô§Ú§ß§ã§Ü§Ú§Û §Þ§Ö§Ý§î§ç§Ú§à§â,§¬§à§Ý§î§é§å§Ô§Ú§ß§ã§Ü§Ú§Û §Þ§Ö§Ý§î§ç§Ú§à§â,FBO,94308.5704,2481.8045,1,3368.1632,1.3571,0,13,1.473628692,20926,1102,0.000812387,0.058076225,2021/1/11
§¬§å§ç§ß§ñ,³ø·¿,§±§à§ã§å§Õ§Ñ §Õ§Ý§ñ §é§Ñ§ñ §Ú §Ü§à§æ§Ö,²èºÍ¿§·ÈÆ÷Ãó,§±§à§Õ§ã§ä§Ñ§Ü§Ñ§ß§ß§Ú§Ü,±­ÍÐ,§±§à§Õ§Ñ§â§à§é§ß§í§Û §ß§Ñ§Ò§à§â "§³§£§µ" §ã§à §ã§ä§Ö§Ü§Ý§ñ§ß§ß§í§Þ§Ú §ã§ä§à§á§Ü§Ñ§Þ§Ú §Ó §æ§å§ä§Ý§ñ§â§Ö,https://www.ozon.ru/product/1263205961,§¯§Ö§ä,§®§Ñ§ã§ä§Ö§â §á§à§Õ§Ñ§â§Ü§à§Ó,§®§Ñ§ã§ä§Ö§â §á§à§Õ§Ñ§â§Ü§à§Ó,FBS,6654,6654,0.071428571,3327,0.5,86502,1,7.125,39,46,0,0.02173913,2023/10/27
§¬§å§ç§ß§ñ,³ø·¿,§±§à§ã§å§Õ§Ñ §Õ§Ý§ñ §é§Ñ§ñ §Ú §Ü§à§æ§Ö,²èºÍ¿§·ÈÆ÷Ãó,§±§à§Õ§ã§ä§Ñ§Ü§Ñ§ß§ß§Ú§Ü,±­ÍÐ,"§±§à§Õ§ã§ä§Ñ§Ü§Ñ§ß§ß§Ú§Ü §ã§à §ã§ä§Ñ§Ü§Ñ§ß§à§Þ §¬§à§Ý§î§é§å§Ô§Ú§ß§ã§Ü§Ú§Û §Þ§Ö§Ý§î§ç§Ú§à§â ""§¤§Ý§Ñ§Ó§Ñ §ã§Ö§Þ§î§Ú"" §Ý§Ñ§ä§å§ß§ß§í§Û §Ó §á§à§Õ§Ñ§â§à§Ü §á§Ñ§á§Ö, §Õ§Ö§Õ§å§ê§Ü§Ö, §Þ§å§Ø§å",https://www.ozon.ru/product/277027590,§¥§Ñ,§¬§à§Ý§î§é§å§Ô§Ú§ß§ã§Ü§Ú§Û §Þ§Ö§Ý§î§ç§Ú§à§â,§¬§à§Ý§î§é§å§Ô§Ú§ß§ã§Ü§Ú§Û §Þ§Ö§Ý§î§ç§Ú§à§â,FBO,85787.51,2767.339,1,3063.8396,1.1071,0,8,1.375661376,19974,1035,0.001101432,0.066666667,2021/6/18
§¬§å§ç§ß§ñ,³ø·¿,§±§à§ã§å§Õ§Ñ §Õ§Ý§ñ §é§Ñ§ñ §Ú §Ü§à§æ§Ö,²èºÍ¿§·ÈÆ÷Ãó,§±§à§Õ§ã§ä§Ñ§Ü§Ñ§ß§ß§Ú§Ü,±­ÍÐ,§±§à§Õ§ã§ä§Ñ§Ü§Ñ§ß§ß§Ú§Ü §á§à§Õ§Ñ§â§à§é§ß§í§Û §Ú§Ù §Ò§â§à§ß§Ù§í "§·§Ú§â§å§â§Ô§Ú" §ã§à §ã§ä§Ñ§Ü§Ñ§ß§à§Þ §Ú §Ý§à§Ø§Ü§à§Û §Ó §æ§å§ä§Ý§ñ§â§Ö (§ç§å§Õ§à§Ø§Ö§ã§ä§Ó§Ö§ß§ß§à§Ö §Ý§Ú§ä§î§Ö),https://www.ozon.ru/product/905893542,§¥§Ñ,§¤§Ñ§Ý§Ö§â§Ö§ñ §±§à§Õ§Ñ§â§Ü§à§Ó,§¡§²§´-§ã§ä§å§Õ§Ú§ñ §¬§Ý§Ñ§ã§ã§Ú§Ü,FBO,14522,14522,0.178571429,2904.4,0.2,66801.2,1,0.75,3195,91,0.000625978,0.032967033,2023/3/23
§¬§å§ç§ß§ñ,³ø·¿,§±§à§ã§å§Õ§Ñ §Õ§Ý§ñ §é§Ñ§ñ §Ú §Ü§à§æ§Ö,²èºÍ¿§·ÈÆ÷Ãó,§±§à§Õ§ã§ä§Ñ§Ü§Ñ§ß§ß§Ú§Ü,±­ÍÐ,"§±§à§Õ§ã§ä§Ñ§Ü§Ñ§ß§ß§Ú§Ü §¯§Ö§æ§ä§î §Ú §¤§Ñ§Ù (§Ý§Ñ§ä§å§ß§î, §ç§â§å§ã§ä§Ñ§Ý§î§ß§í§Û §ã§ä§Ñ§Ü§Ñ§ß)",https://www.ozon.ru/product/1457160833,§¯§Ö§ä,§¿§Ü§ã§Ü§Ý§ð§Ù§Ú§Ó-§®,§¿§Ü§ã§Ü§Ý§ð§Ù§Ú§Ó-§®,FBS,14400,7200,0.178571429,2880,0.4,66240,1,3.333333333,303,8,0,0,2024/3/7
§¬§å§ç§ß§ñ,³ø·¿,§±§à§ã§å§Õ§Ñ §Õ§Ý§ñ §é§Ñ§ñ §Ú §Ü§à§æ§Ö,²èºÍ¿§·ÈÆ÷Ãó,§±§à§Õ§ã§ä§Ñ§Ü§Ñ§ß§ß§Ú§Ü,±­ÍÐ,"§±§à§Õ§ã§ä§Ñ§Ü§Ñ§ß§ß§Ú§Ü §¬§à§Ý§î§é§å§Ô§Ú§ß§ã§Ü§Ú§Û §Þ§Ö§Ý§î§ç§Ú§à§â ""§´§å§á§à§Ý§Ö§Ó"" §ß§Ú§Ü§Ö§Ý§Ú§â§à§Ó§Ñ§ß§ß§í§Û §ã §é§Ö§â§ß§Ö§ß§Ú§Ö§Þ §Ó §á§à§Õ§Ñ§â§à§Ü §Þ§å§Ø§é§Ú§ß§Ö §Ú §Ø§Ö§ß§ë§Ú§ß§Ö,§Ü§à§Ý§Ý§Ö§Ô§Ö,§Õ§â§å§Ù§î§ñ§Þ.",https://www.ozon.ru/product/1082280202,§¯§Ö§ä,§¬§à§Ý§î§é§å§Ô§Ú§ß§ã§Ü§Ú§Û §Þ§Ö§Ý§î§ç§Ú§à§â,§¬§à§Ý§î§é§å§Ô§Ú§ß§ã§Ü§Ú§Û §Þ§Ö§Ý§î§ç§Ú§à§â,FBO,16397.19,1821.91,0.214285714,2732.865,1.5,60123.03,3,2.554824561,3003,141,0.000333,0.056737589,2023/7/17
§¬§å§ç§ß§ñ,³ø·¿,§±§à§ã§å§Õ§Ñ §Õ§Ý§ñ §é§Ñ§ñ §Ú §Ü§à§æ§Ö,²èºÍ¿§·ÈÆ÷Ãó,§±§à§Õ§ã§ä§Ñ§Ü§Ñ§ß§ß§Ú§Ü,±­ÍÐ,"§±§à§Õ§ã§ä§Ñ§Ü§Ñ§ß§ß§Ú§Ü §¬§à§Ý§î§é§å§Ô§Ú§ß§ã§Ü§Ú§Û §Þ§Ö§Ý§î§ç§Ú§à§â ""§¤§Ö§â§Ò §²§¶"" §ß§Ú§Ü§Ö§Ý§Ú§â§à§Ó§Ñ§ß§ß§í§Û §ã §é§Ö§â§ß§î§ð §Ó §á§à§Õ§Ñ§â§à§Ü §Þ§å§Ø§é§Ú§ß§Ö, §â§å§Ü§à§Ó§à§Õ§Ú§ä§Ö§Ý§ð, §Ü§à§Ý§Ý§Ö§Ô§Ö.",https://www.ozon.ru/product/222364011,§¯§Ö§ä,§¬§à§Ý§î§é§å§Ô§Ú§ß§ã§Ü§Ú§Û §Þ§Ö§Ý§î§ç§Ú§à§â,§¬§à§Ý§î§é§å§Ô§Ú§ß§ã§Ü§Ú§Û §Þ§Ö§Ý§î§ç§Ú§à§â,FBO,62196,1777.0286,0.821428571,2704.1739,1.5217,13520.8696,6,3.619318182,11409,532,0.001577702,0.103383459,2021/1/14
§¬§å§ç§ß§ñ,³ø·¿,§±§à§ã§å§Õ§Ñ §Õ§Ý§ñ §é§Ñ§ñ §Ú §Ü§à§æ§Ö,²èºÍ¿§·ÈÆ÷Ãó,§±§à§Õ§ã§ä§Ñ§Ü§Ñ§ß§ß§Ú§Ü,±­ÍÐ,§±§à§Õ§ã§ä§Ñ§Ü§Ñ§ß§ß§Ú§Ü "§³§Ñ§ß§Ü§ä-§±§Ö§ä§Ö§â§Ò§å§â§Ô" (§ß§Ú§Ü§Ö§Ý§î) §ã §é§Ñ§Û§ß§à§Û §Ý§à§Ø§Ü§à§Û §Ú §Ô§â§Ñ§ß§Ö§ß§í§Þ §ã§ä§Ñ§Ü§Ñ§ß§à§Þ,https://www.ozon.ru/product/1158516895,§¯§Ö§ä,§°§ä§Õ§Ñ§Þ §á§à§Õ§Ñ§â§à§Ü 2.0,§°§ä§Õ§Ñ§Þ §á§à§Õ§Ñ§â§à§Ü,FBS,5327,2663.5,0.071428571,2663.5,1,69251,1,4.291666667,1674,51,0.000597372,0.098039216,2023/8/28
§¬§å§ç§ß§ñ,³ø·¿,§±§à§ã§å§Õ§Ñ §Õ§Ý§ñ §é§Ñ§ñ §Ú §Ü§à§æ§Ö,²èºÍ¿§·ÈÆ÷Ãó,§±§à§Õ§ã§ä§Ñ§Ü§Ñ§ß§ß§Ú§Ü,±­ÍÐ,"§±§à§Õ§ã§ä§Ñ§Ü§Ñ§ß§ß§Ú§Ü §¬§à§Ý§î§é§å§Ô§Ú§ß§ã§Ü§Ú§Û §Þ§Ö§Ý§î§ç§Ú§à§â ""§¤§Ö§â§Ò §²§¶ (§ß§à§Ó§Ñ§ñ §á§Ý§Ñ§ã§ä§Ú§ß§Ñ §¤§±)"" §ß§Ú§Ü§Ö§Ý§Ú§â§à§Ó§Ñ§ß§ß§í§Û §ã §é§Ö§â§ß§Ö§ß§Ú§Ö§Þ §Ó §á§à§Õ§Ñ§â§à§Ü §Þ§å§Ø§é§Ú§ß§Ö §Ú §Ø§Ö§ß§ë§Ú§ß§Ö,§Ü§à§Ý§Ý§Ö§Ô§Ö,§Õ§â§å§Ù§î§ñ§Þ.",https://www.ozon.ru/product/1082637164,§¯§Ö§ä,§¬§à§Ý§î§é§å§Ô§Ú§ß§ã§Ü§Ú§Û §Þ§Ö§Ý§î§ç§Ú§à§â,§¬§à§Ý§î§é§å§Ô§Ú§ß§ã§Ü§Ú§Û §Þ§Ö§Ý§î§ç§Ú§à§â,FBO,5277,1759,0.071428571,2638.5,1.5,68601,1,1.770833333,511,32,0,0.15625,2023/7/17
§¬§å§ç§ß§ñ,³ø·¿,§±§à§ã§å§Õ§Ñ §Õ§Ý§ñ §é§Ñ§ñ §Ú §Ü§à§æ§Ö,²èºÍ¿§·ÈÆ÷Ãó,§±§à§Õ§ã§ä§Ñ§Ü§Ñ§ß§ß§Ú§Ü,±­ÍÐ,"§±§à§Õ§ã§ä§Ñ§Ü§Ñ§ß§ß§Ú§Ü §¬§à§Ý§î§é§å§Ô§Ú§ß§ã§Ü§Ú§Û §Þ§Ö§Ý§î§ç§Ú§à§â ""§°§Ý§Ú§Þ§á§Ú§Û§ã§Ü§Ú§Û §Þ§Ú§ê§Ü§Ñ"" §ß§Ú§Ü§Ö§Ý§Ú§â§à§Ó§Ñ§ß§ß§í§Û §ã §é§Ö§â§ß§î§ð §Ó §á§à§Õ§Ñ§â§à§Ü §Þ§å§Ø§é§Ú§ß§Ö ,§Õ§â§å§Ù§î§ñ§Þ,§Ü§à§Ý§Ý§Ö§Ô§Ö.",https://www.ozon.ru/product/222378736,§¯§Ö§ä,§¬§à§Ý§î§é§å§Ô§Ú§ß§ã§Ü§Ú§Û §Þ§Ö§Ý§î§ç§Ú§à§â,§¬§à§Ý§î§é§å§Ô§Ú§ß§ã§Ü§Ú§Û §Þ§Ö§Ý§î§ç§Ú§à§â,FBO,73385.9927,1789.9023,1,2620.9283,1.4643,0,14,1.121875,33185,1589,0.001356034,0.075519194,2021/1/14
§¬§å§ç§ß§ñ,³ø·¿,§±§à§ã§å§Õ§Ñ §Õ§Ý§ñ §é§Ñ§ñ §Ú §Ü§à§æ§Ö,²èºÍ¿§·ÈÆ÷Ãó,§±§à§Õ§ã§ä§Ñ§Ü§Ñ§ß§ß§Ú§Ü,±­ÍÐ,"§±§à§Õ§ã§ä§Ñ§Ü§Ñ§ß§ß§Ú§Ü §ã§à §ã§ä§Ñ§Ü§Ñ§ß§à§Þ §¬§à§Ý§î§é§å§Ô§Ú§ß§ã§Ü§Ú§Û §Þ§Ö§Ý§î§ç§Ú§à§â ""§´§â§à§Û§Ü§Ñ"" §ß§Ú§Ü§Ö§Ý§Ú§â§à§Ó§Ñ§ß§ß§í§Û §ã §é§Ö§â§ß§Ö§ß§Ú§Ö§Þ §Ó §á§à§Õ§Ñ§â§à§Ü §Þ§å§Ø§é§Ú§ß§Ö, §Õ§â§å§Ù§î§ñ§Þ,§Ü§à§Ý§Ý§Ö§Ô§Ö",https://www.ozon.ru/product/221136133,§¥§Ñ,§¬§à§Ý§î§é§å§Ô§Ú§ß§ã§Ü§Ú§Û §Þ§Ö§Ý§î§ç§Ú§à§â,§¬§à§Ý§î§é§å§Ô§Ú§ß§ã§Ü§Ú§Û §Þ§Ö§Ý§î§ç§Ú§à§â,FBO,70957.5525,2446.8122,1,2534.1983,1.0357,0,12,1.176724138,21747,733,0.000459834,0.072305593,2021/1/11
§¬§å§ç§ß§ñ,³ø·¿,§±§à§ã§å§Õ§Ñ §Õ§Ý§ñ §é§Ñ§ñ §Ú §Ü§à§æ§Ö,²èºÍ¿§·ÈÆ÷Ãó,§±§à§Õ§ã§ä§Ñ§Ü§Ñ§ß§ß§Ú§Ü,±­ÍÐ,§±§à§Õ§ã§ä§Ñ§Ü§Ñ§ß§ß§Ú§Ü §á§à§Õ§Ñ§â§à§é§ß§í§Û §ã§à §ã§ä§Ñ§Ü§Ñ§ß§à§Þ §Ú §Ý§à§Ø§Ü§à§Û "§¤§Ý§Ñ§Ó§Ñ §ã§Ö§Þ§î§Ú" §Ó §æ§å§ä§Ý§ñ§â§Ö,https://www.ozon.ru/product/1257530086,§¥§Ñ,§¤§Ñ§Ý§Ö§â§Ö§ñ §±§à§Õ§Ñ§â§Ü§à§Ó,§¡§²§´-§ã§ä§å§Õ§Ú§ñ §¬§Ý§Ñ§ã§ã§Ú§Ü,FBO,67482.98,4217.6863,0.964285714,2499.3696,0.5926,2499.3696,4,1.841666667,19338,935,0.00031027,0.049197861,2023/10/24
§¬§å§ç§ß§ñ,³ø·¿,§±§à§ã§å§Õ§Ñ §Õ§Ý§ñ §é§Ñ§ñ §Ú §Ü§à§æ§Ö,²èºÍ¿§·ÈÆ÷Ãó,§±§à§Õ§ã§ä§Ñ§Ü§Ñ§ß§ß§Ú§Ü,±­ÍÐ,§±§à§Õ§ã§ä§Ñ§Ü§Ñ§ß§ß§Ú§Ü §ã§à §ã§ä§Ñ§Ü§Ñ§ß§à§Þ §¬§à§Ý§î§é§å§Ô§Ú§ß§ã§Ü§Ú§Û §Þ§Ö§Ý§î§ç§Ú§à§â "§°§Ý§Ú§Þ§á§Ú§Û§ã§Ü§Ú§Û §Þ§Ú§ê§Ü§Ñ" §ß§Ú§Ü§Ö§Ý§Ú§â§à§Ó§Ñ§ß§ß§í§Û §ã §é§Ö§â§ß§Ö§ß§Ú§Ö§Þ §Ó §á§à§Õ§Ñ§â§à§Ü §Þ§å§Ø§é§Ú§ß§Ö §Ú §Ø§Ö§ß§ë§Ú§ß§Ö,https://www.ozon.ru/product/221131781,§¥§Ñ,§¬§à§Ý§î§é§å§Ô§Ú§ß§ã§Ü§Ú§Û §Þ§Ö§Ý§î§ç§Ú§à§â,§¬§à§Ý§î§é§å§Ô§Ú§ß§ã§Ü§Ú§Û §Þ§Ö§Ý§î§ç§Ú§à§â,FBO,69577.52,2484.9114,1,2484.9114,1,0,12,1.484090909,16448,524,0.001155156,0.059160305,2021/1/11
§¬§å§ç§ß§ñ,³ø·¿,§±§à§ã§å§Õ§Ñ §Õ§Ý§ñ §é§Ñ§ñ §Ú §Ü§à§æ§Ö,²èºÍ¿§·ÈÆ÷Ãó,§±§à§Õ§ã§ä§Ñ§Ü§Ñ§ß§ß§Ú§Ü,±­ÍÐ,"§±§à§Õ§ã§ä§Ñ§Ü§Ñ§ß§ß§Ú§Ü §ã§à §ã§ä§Ñ§Ü§Ñ§ß§à§Þ §¬§à§Ý§î§é§å§Ô§Ú§ß§ã§Ü§Ú§Û §Þ§Ö§Ý§î§ç§Ú§à§â ""§°§ä§Ö§é§Ö§ã§ä§Ó§à, §Õ§à§Ý§Ô, §é§Ö§ã§ä§î"" §ß§Ú§Ü§Ö§Ý§Ú§â§à§Ó§Ñ§ß§ß§í§Û §ã §é§Ö§â§ß§î§ð §Ó §á§à§Õ§Ñ§â§à§Ü §Ó §Þ§å§Ø§é§Ú§ß§Ö, §Ü§à§Ý§Ý§Ö§Ô§Ö, §Õ§â§å§Ô§å",https://www.ozon.ru/product/221131774,§¥§Ñ,§¬§à§Ý§î§é§å§Ô§Ú§ß§ã§Ü§Ú§Û §Þ§Ö§Ý§î§ç§Ú§à§â,§¬§à§Ý§î§é§å§Ô§Ú§ß§ã§Ü§Ú§Û §Þ§Ö§Ý§î§ç§Ú§à§â,FBO,68201,2435.75,1,2435.75,1,0,9,1.623563218,17641,637,0.000510175,0.064364207,2021/1/11
§¬§å§ç§ß§ñ,³ø·¿,§±§à§ã§å§Õ§Ñ §Õ§Ý§ñ §é§Ñ§ñ §Ú §Ü§à§æ§Ö,²èºÍ¿§·ÈÆ÷Ãó,§±§à§Õ§ã§ä§Ñ§Ü§Ñ§ß§ß§Ú§Ü,±­ÍÐ,"§±§à§Õ§ã§ä§Ñ§Ü§Ñ§ß§ß§Ú§Ü §ã§à §ã§ä§Ñ§Ü§Ñ§ß§à§Þ ""§¬§à§Ý§î§é§å§Ô§Ú§ß§ã§Ü§Ú§Û §Þ§Ö§Ý§î§ç§Ú§à§â"" ""§²§í§Ò§Ñ§Ü"" §ß§Ú§Ü§Ö§Ý§Ú§â§à§Ó§Ñ§ß§ß§í§Û §ã §é§Ö§â§ß§Ö§ß§Ú§Ö§Þ §Ó §á§à§Õ§Ñ§â§à§Ü §Þ§å§Ø§é§Ú§ß§Ö, §â§í§Ò§Ñ§Ü§å, §á§Ñ§á§Ö, §Õ§Ö§Õ§å§ê§Ü§Ö",https://www.ozon.ru/product/342200998,§¥§Ñ,§¬§à§Ý§î§é§å§Ô§Ú§ß§ã§Ü§Ú§Û §Þ§Ö§Ý§î§ç§Ú§à§â,§¬§à§Ý§î§é§å§Ô§Ú§ß§ã§Ü§Ú§Û §Þ§Ö§Ý§î§ç§Ú§à§â,FBO,67958.8681,2427.1024,1,2427.1024,1,0,11,1.885416667,13267,789,0.0009045,0.072243346,2021/10/6
§¬§å§ç§ß§ñ,³ø·¿,§±§à§ã§å§Õ§Ñ §Õ§Ý§ñ §é§Ñ§ñ §Ú §Ü§à§æ§Ö,²èºÍ¿§·ÈÆ÷Ãó,§±§à§Õ§ã§ä§Ñ§Ü§Ñ§ß§ß§Ú§Ü,±­ÍÐ,"§±§à§Õ§ã§ä§Ñ§Ü§Ñ§ß§ß§Ú§Ü §ã§à §ã§ä§Ñ§Ü§Ñ§ß§à§Þ §¬§à§Ý§î§é§å§Ô§Ú§ß§ã§Ü§Ú§Û §Þ§Ö§Ý§î§ç§Ú§à§â ""§¤§Ö§â§Ò §³§³§³§²"" §Ý§Ñ§ä§å§ß§ß§í§Û §Ó §á§à§Õ§Ñ§â§à§Ü §Þ§å§Ø§é§Ú§ß§Ö, §Õ§Ö§Õ§å§ê§Ü§Ö, §Þ§å§Ø§å",https://www.ozon.ru/product/221252786,§¥§Ñ,§¬§à§Ý§î§é§å§Ô§Ú§ß§ã§Ü§Ú§Û §Þ§Ö§Ý§î§ç§Ú§à§â,§¬§à§Ý§î§é§å§Ô§Ú§ß§ã§Ü§Ú§Û §Þ§Ö§Ý§î§ç§Ú§à§â,FBO,67143.0535,2797.6272,1,2397.9662,0.8571,0,10,1.237689394,19882,702,0.000603561,0.10968661,2021/1/12
§¬§å§ç§ß§ñ,³ø·¿,§±§à§ã§å§Õ§Ñ §Õ§Ý§ñ §é§Ñ§ñ §Ú §Ü§à§æ§Ö,²èºÍ¿§·ÈÆ÷Ãó,§±§à§Õ§ã§ä§Ñ§Ü§Ñ§ß§ß§Ú§Ü,±­ÍÐ,§á§à§Õ§ã§ä§Ñ§Ü§Ñ§ß§ß§Ú§Ü §Õ§â§Ñ§Ü§à§ß,https://www.ozon.ru/product/1340357600,§¯§Ö§ä,Podarki For Men,,FBS,50669,5066.9,0.785714286,2303.1364,0.4545,13818.8182,1,5.524509804,8298,676,0.000482044,0.034023669,2023/12/14
§¬§å§ç§ß§ñ,³ø·¿,§±§à§ã§å§Õ§Ñ §Õ§Ý§ñ §é§Ñ§ñ §Ú §Ü§à§æ§Ö,²èºÍ¿§·ÈÆ÷Ãó,§±§à§Õ§ã§ä§Ñ§Ü§Ñ§ß§ß§Ú§Ü,±­ÍÐ,"§±§à§Õ§ã§ä§Ñ§Ü§Ñ§ß§ß§Ú§Ü §¬§à§Ý§î§é§å§Ô§Ú§ß§ã§Ü§Ú§Û §Þ§Ö§Ý§î§ç§Ú§à§â ""§®§å§Õ§â§í§Û §â§å§Ü§à§Ó§à§Õ§Ú§ä§Ö§Ý§î"" §ß§Ú§Ü§Ö§Ý§Ú§â§à§Ó§Ñ§ß§ß§í§Û §ã §é§Ö§â§ß§î§ð §Ó §á§à§Õ§Ñ§â§à§Ü §Þ§å§Ø§é§Ú§ß§Ö,§â§å§Ü§à§Ó§à§Õ§Ú§ä§Ö§Ý§ð,§Õ§â§å§Ô§å.",https://www.ozon.ru/product/254807445,§¥§Ñ,§¬§à§Ý§î§é§å§Ô§Ú§ß§ã§Ü§Ú§Û §Þ§Ö§Ý§î§ç§Ú§à§â,§¬§à§Ý§î§é§å§Ô§Ú§ß§ã§Ü§Ú§Û §Þ§Ö§Ý§î§ç§Ú§à§â,FBO,64319.0899,1786.6414,1,2297.1104,1.2857,0,12,2.194940476,22118,1502,0.000859029,0.047936085,2021/4/15
§¬§å§ç§ß§ñ,³ø·¿,§±§à§ã§å§Õ§Ñ §Õ§Ý§ñ §é§Ñ§ñ §Ú §Ü§à§æ§Ö,²èºÍ¿§·ÈÆ÷Ãó,§±§à§Õ§ã§ä§Ñ§Ü§Ñ§ß§ß§Ú§Ü,±­ÍÐ,§±§à§Õ§ã§ä§Ñ§Ü§Ñ§ß§ß§Ú§Ü §ã§à §ã§ä§Ñ§Ü§Ñ§ß§à§Þ "§®§å§Õ§â§à§ã§ä§î" §Ó §á§à§Õ§Ñ§â§à§é§ß§à§Û §Ü§à§â§à§Ò§Ü§Ö,https://www.ozon.ru/product/1151998251,§¥§Ñ,§¤§Ñ§Ý§Ö§â§Ö§ñ §±§à§Õ§Ñ§â§Ü§à§Ó,§¬§à§Ý§î§é§å§Ô§Ú§ß§ã§Ü§Ú§Û §Þ§Ö§Ý§î§ç§Ú§à§â,FBO,62662,2983.9048,1,2237.9286,0.75,0,10,1.491477273,24719,980,0.000566366,0.052040816,2023/8/24
§¬§å§ç§ß§ñ,³ø·¿,§±§à§ã§å§Õ§Ñ §Õ§Ý§ñ §é§Ñ§ñ §Ú §Ü§à§æ§Ö,²èºÍ¿§·ÈÆ÷Ãó,§±§à§Õ§ã§ä§Ñ§Ü§Ñ§ß§ß§Ú§Ü,±­ÍÐ,§±§à§Õ§ã§ä§Ñ§Ü§Ñ§ß§ß§Ú§Ü §ã§à §ã§ä§Ñ§Ü§Ñ§ß§à§Þ §Ú §Ý§à§Ø§Ü§à§Û "§®§å§Õ§â§à§ã§ä§î" §Ó §æ§å§ä§Ý§ñ§â§Ö,https://www.ozon.ru/product/1257443137,§¥§Ñ,§¤§Ñ§Ý§Ö§â§Ö§ñ §±§à§Õ§Ñ§â§Ü§à§Ó,§¬§à§Ý§î§é§å§Ô§Ú§ß§ã§Ü§Ú§Û §Þ§Ö§Ý§î§ç§Ú§à§â,FBO,57950,4139.2857,0.928571429,2228.8462,0.5385,4457.6923,4,1.856481481,22446,633,0.000757373,0.036334913,2023/10/24
§¬§å§ç§ß§ñ,³ø·¿,§±§à§ã§å§Õ§Ñ §Õ§Ý§ñ §é§Ñ§ñ §Ú §Ü§à§æ§Ö,²èºÍ¿§·ÈÆ÷Ãó,§±§à§Õ§ã§ä§Ñ§Ü§Ñ§ß§ß§Ú§Ü,±­ÍÐ,"§±§à§Õ§ã§ä§Ñ§Ü§Ñ§ß§ß§Ú§Ü §¬§à§Ý§î§é§å§Ô§Ú§ß§ã§Ü§Ú§Û §Þ§Ö§Ý§î§ç§Ú§à§â ""§º§ä§å§â§Ó§Ñ§Ý"" §ß§Ú§Ü§Ö§Ý§Ú§â§à§Ó§Ñ§ß§ß§í§Û §ã §é§Ö§â§ß§Ö§ß§Ú§Ö§Þ §Ó §á§à§Õ§Ñ§â§à§Ü §Þ§å§Ø§é§Ú§ß§Ö, §Þ§à§â§ñ§Ü§å, §Õ§â§å§Ô§å",https://www.ozon.ru/product/222642146,§¥§Ñ,§¬§à§Ý§î§é§å§Ô§Ú§ß§ã§Ü§Ú§Û §Þ§Ö§Ý§î§ç§Ú§à§â,§¬§à§Ý§î§é§å§Ô§Ú§ß§ã§Ü§Ú§Û §Þ§Ö§Ý§î§ç§Ú§à§â,FBO,8860,1772,0.142857143,2215,1.25,53160,1,3.85,1245,62,0.000803213,0.064516129,2021/1/15
§¬§å§ç§ß§ñ,³ø·¿,§±§à§ã§å§Õ§Ñ §Õ§Ý§ñ §é§Ñ§ñ §Ú §Ü§à§æ§Ö,²èºÍ¿§·ÈÆ÷Ãó,§±§à§Õ§ã§ä§Ñ§Ü§Ñ§ß§ß§Ú§Ü,±­ÍÐ,"§±§à§Õ§ã§ä§Ñ§Ü§Ñ§ß§ß§Ú§Ü §ã§à §ã§ä§Ñ§Ü§Ñ§ß§à§Þ §¬§à§Ý§î§é§å§Ô§Ú§ß§ã§Ü§Ú§Û §Þ§Ö§Ý§î§ç§Ú§à§â ""§¤§Ö§à§â§Ô§Ú§Û §±§à§Ò§Ö§Õ§à§ß§à§ã§Ö§è"" §Ý§Ñ§ä§å§ß§ß§í§Û §Ó §á§à§Õ§Ñ§â§à§Ü §Þ§å§Ø§é§Ú§ß§Ö, §á§Ñ§á§Ö, §Õ§Ö§Õ§å§ê§Ü§Ö, §Ü§à§Ý§Ý§Ö§Ô§Ö",https://www.ozon.ru/product/239642313,§¥§Ñ,§¬§à§Ý§î§é§å§Ô§Ú§ß§ã§Ü§Ú§Û §Þ§Ö§Ý§î§ç§Ú§à§â,§¬§à§Ý§î§é§å§Ô§Ú§ß§ã§Ü§Ú§Û §Þ§Ö§Ý§î§ç§Ú§à§â,FBO,27252,2725.2,0.464285714,2096.3077,0.7692,31444.6154,4,3.498015873,6401,360,0.000624902,0.044444444,2021/3/9
§¬§å§ç§ß§ñ,³ø·¿,§±§à§ã§å§Õ§Ñ §Õ§Ý§ñ §é§Ñ§ñ §Ú §Ü§à§æ§Ö,²èºÍ¿§·ÈÆ÷Ãó,§±§à§Õ§ã§ä§Ñ§Ü§Ñ§ß§ß§Ú§Ü,±­ÍÐ,"§±§à§Õ§ã§ä§Ñ§Ü§Ñ§ß§ß§Ú§Ü §ã§à §ã§ä§Ñ§Ü§Ñ§ß§à§Þ ""§¤§Ý§Ñ§Ó§Ñ §ã§Ö§Þ§î§Ú"" (§­§±_§¤§Ý§Ñ§Ó§Ñ_§ã§Ö§Þ§î§Ú_§Ý§Ñ§ä§å§ß§î) §á§à§Õ§Ñ§â§à§Ü §Þ§å§Ø§é§Ú§ß§Ö, §Þ§å§Ø§å, §Ò§â§Ñ§ä§å, §á§Ñ§á§Ö, §Õ§Ö§Õ§å§ê§Ü§Ö §ß§Ñ §¥§Ö§ß§î §â§à§Ø§Õ§Ö§ß§Ú§ñ, 23 §æ§Ö§Ó§â§Ñ§Ý§ñ, §¯§à§Ó§í§Û §Ô§à§Õ",https://www.ozon.ru/product/708456323,§¯§Ö§ä,§¤§Ñ§Ý§Ö§â§Ö§ñ §±§à§Õ§Ñ§â§Ü§à§Ó,§¬§à§Ý§î§é§å§Ô§Ú§ß§ã§Ü§Ú§Û §Þ§Ö§Ý§î§ç§Ú§à§â,FBS,14631,2926.2,0.25,2090.1429,0.7143,43893,1,5.892857143,17615,505,0.000624468,0.045544554,2022/9/11
§¬§å§ç§ß§ñ,³ø·¿,§±§à§ã§å§Õ§Ñ §Õ§Ý§ñ §é§Ñ§ñ §Ú §Ü§à§æ§Ö,²èºÍ¿§·ÈÆ÷Ãó,§±§à§Õ§ã§ä§Ñ§Ü§Ñ§ß§ß§Ú§Ü,±­ÍÐ,"§±§à§Õ§ã§ä§Ñ§Ü§Ñ§ß§ß§Ú§Ü §ã§à §ã§ä§Ñ§Ü§Ñ§ß§à§Þ §¬§à§Ý§î§é§å§Ô§Ú§ß§ã§Ü§Ú§Û §Þ§Ö§Ý§î§ç§Ú§à§â ""§¤§Ö§â§Ò §²§¶"" §Ý§Ñ§ä§å§ß§ß§í§Û §Ó §á§à§Õ§Ñ§â§à§Ü §Þ§å§Ø§é§Ú§ß§Ö, §Õ§â§å§Ô§å, §Ü§à§Ý§Ý§Ö§Ô§Ö",https://www.ozon.ru/product/221252780,§¥§Ñ,§¬§à§Ý§î§é§å§Ô§Ú§ß§ã§Ü§Ú§Û §Þ§Ö§Ý§î§ç§Ú§à§â,§¬§à§Ý§î§é§å§Ô§Ú§ß§ã§Ü§Ú§Û §Þ§Ö§Ý§î§ç§Ú§à§â,FBO,58176.45,2770.3071,1,2077.7304,0.75,0,11,1.558760684,16940,517,0.001180638,0.098646035,2021/1/12
§¬§å§ç§ß§ñ,³ø·¿,§±§à§ã§å§Õ§Ñ §Õ§Ý§ñ §é§Ñ§ñ §Ú §Ü§à§æ§Ö,²èºÍ¿§·ÈÆ÷Ãó,§±§à§Õ§ã§ä§Ñ§Ü§Ñ§ß§ß§Ú§Ü,±­ÍÐ,"§±§à§Õ§ã§ä§Ñ§Ü§Ñ§ß§ß§Ú§Ü §ã§à §ã§ä§Ñ§Ü§Ñ§ß§à§Þ ""§¬§à§Ý§î§é§å§Ô§Ú§ß§ã§Ü§Ú§Û §Þ§Ö§Ý§î§ç§Ú§à§â"" ""§®§à§ã§Ü§Ó§Ñ"" §ß§Ú§Ü§Ö§Ý§Ú§â§à§Ó§Ñ§ß§ß§í§Û §ã §é§Ö§â§ß§Ö§ß§Ú§Ö§Þ §Ó §á§à§Õ§Ñ§â§à§Ü §Þ§å§Ø§é§Ú§ß§Ö, §Ø§Ö§ß§ë§Ú§ß§Ö, §â§à§Õ§ã§ä§Ó§Ö§ß§ß§Ú§Ü§Ñ, §Õ§â§å§Ù§î§ñ§Þ",https://www.ozon.ru/product/342800295,§¥§Ñ,§¬§à§Ý§î§é§å§Ô§Ú§ß§ã§Ü§Ú§Û §Þ§Ö§Ý§î§ç§Ú§à§â,§¬§à§Ý§î§é§å§Ô§Ú§ß§ã§Ü§Ú§Û §Þ§Ö§Ý§î§ç§Ú§à§â,FBO,38885,2430.3125,0.678571429,2046.5789,0.8421,18419.2105,7,1.536036036,6131,293,0.000978633,0.061433447,2021/10/7
§¬§å§ç§ß§ñ,³ø·¿,§±§à§ã§å§Õ§Ñ §Õ§Ý§ñ §é§Ñ§ñ §Ú §Ü§à§æ§Ö,²èºÍ¿§·ÈÆ÷Ãó,§±§à§Õ§ã§ä§Ñ§Ü§Ñ§ß§ß§Ú§Ü,±­ÍÐ,"§±§à§Õ§Ñ§â§à§é§ß§í§Û §ß§Ñ§Ò§à§â §Õ§Ý§ñ §é§Ñ§ñ ""§±§Ñ§â§å§ã§ß§Ú§Ü"" (3 §á§â§Ö§Õ§Þ§Ö§ä§Ñ), §ç§â§å§ã§ä§Ñ§Ý§î§ß§í§Û §ã§ä§Ñ§Ü§Ñ§ß",https://www.ozon.ru/product/505133643,§¯§Ö§ä,Premium Plus,§¡§²§´-§ã§ä§å§Õ§Ú§ñ §¬§Ý§Ñ§ã§ã§Ú§Ü,FBS,4015,4015,0.071428571,2007.5,0.5,52195,1,3.166666667,145,26,0,0.076923077,2022/2/22
§¬§å§ç§ß§ñ,³ø·¿,§±§à§ã§å§Õ§Ñ §Õ§Ý§ñ §é§Ñ§ñ §Ú §Ü§à§æ§Ö,²èºÍ¿§·ÈÆ÷Ãó,§±§à§Õ§ã§ä§Ñ§Ü§Ñ§ß§ß§Ú§Ü,±­ÍÐ,§±§à§Õ§ã§ä§Ñ§Ü§Ñ§ß§ß§Ú§Ü "§³§³§³§²" §Ó §á§à§Õ§Ñ§â§à§é§ß§à§Û §Ü§à§â§à§Ò§Ü§Ö §è§Ó§Ö§ä§ß§Ñ§ñ §Ý§Ñ§Ù§Ö§â§ß§Ñ§ñ §Ô§â§Ñ§Ó§Ú§â§à§Ó§Ü§Ñ,https://www.ozon.ru/product/169879900,§¯§Ö§ä,§®§Ñ§ã§ä§Ö§â §á§à§Õ§Ñ§â§Ü§à§Ó,§®§Ñ§ã§ä§Ö§â §á§à§Õ§Ñ§â§Ü§à§Ó,FBS,48130,4010.8333,0.857142857,2005.4167,0.5,8021.6667,1,4.948412698,24656,1370,0.000365023,0.035036496,2020/3/12
§¬§å§ç§ß§ñ,³ø·¿,§±§à§ã§å§Õ§Ñ §Õ§Ý§ñ §é§Ñ§ñ §Ú §Ü§à§æ§Ö,²èºÍ¿§·ÈÆ÷Ãó,§±§à§Õ§ã§ä§Ñ§Ü§Ñ§ß§ß§Ú§Ü,±­ÍÐ,"§±§à§Õ§ã§ä§Ñ§Ü§Ñ§ß§ß§Ú§Ü §ã§à §ã§ä§Ñ§Ü§Ñ§ß§à§Þ ""§¤§Ý§Ñ§Ó§Ñ §ã§Ö§Þ§î§Ú"" (§­§±_§¤§Ý§Ñ§Ó§Ñ_§ã§Ö§Þ§î§Ú_§Ý§Ñ§ä§å§ß§î) §á§à§Õ§Ñ§â§à§Ü §Þ§å§Ø§é§Ú§ß§Ö, §Þ§å§Ø§å, §Ò§â§Ñ§ä§å, §á§Ñ§á§Ö, §Õ§Ö§Õ§å§ê§Ü§Ö §ß§Ñ §¥§Ö§ß§î §â§à§Ø§Õ§Ö§ß§Ú§ñ, 23 §æ§Ö§Ó§â§Ñ§Ý§ñ, §¯§à§Ó§í§Û §Ô§à§Õ",https://www.ozon.ru/product/708456322,§¥§Ñ,§¤§Ñ§Ý§Ö§â§Ö§ñ §±§à§Õ§Ñ§â§Ü§à§Ó,§¬§à§Ý§î§é§å§Ô§Ú§ß§ã§Ü§Ú§Û §Þ§Ö§Ý§î§ç§Ú§à§â,FBO,52908,2939.3333,1,1889.5714,0.6429,0,8,1.505630631,34971,1046,0.000772068,0.069789675,2022/9/11
§¬§å§ç§ß§ñ,³ø·¿,§±§à§ã§å§Õ§Ñ §Õ§Ý§ñ §é§Ñ§ñ §Ú §Ü§à§æ§Ö,²èºÍ¿§·ÈÆ÷Ãó,§±§à§Õ§ã§ä§Ñ§Ü§Ñ§ß§ß§Ú§Ü,±­ÍÐ,"§±§à§Õ§ã§ä§Ñ§Ü§Ñ§ß§ß§Ú§Ü §ã§à §ã§ä§Ñ§Ü§Ñ§ß§à§Þ §¬§à§Ý§î§é§å§Ô§Ú§ß§ã§Ü§Ú§Û §Þ§Ö§Ý§î§ç§Ú§à§â ""§±§Ö§ä§â §Ú §¶§Ö§Ó§â§à§ß§Ú§ñ"" §ß§Ú§Ü§Ö§Ý§Ú§â§à§Ó§Ñ§ß§ß§í§Û §ã §é§Ö§â§ß§Ö§ß§Ú§Ö§Þ §Ó §á§à§Õ§Ñ§â§à§Ü §Þ§å§Ø§é§Ú§ß§Ö §Ú §Ø§Ö§ß§ë§Ú§ß§Ö, §â§à§Õ§ã§ä§Ó§Ö§ß§ß§Ú§Ü§Ñ§Þ, §Õ§â§å§Ù§î§ñ§Þ, §Ü§à§Ý§Ý§Ö§Ô§Ñ§Þ",https://www.ozon.ru/product/221132675,§¥§Ñ,§¬§à§Ý§î§é§å§Ô§Ú§ß§ã§Ü§Ú§Û §Þ§Ö§Ý§î§ç§Ú§à§â,§¬§à§Ý§î§é§å§Ô§Ú§ß§ã§Ü§Ú§Û §Þ§Ö§Ý§î§ç§Ú§à§â,FBO,52385,2494.5238,1,1870.8929,0.75,0,14,1.240530303,16276,582,0.000983043,0.06185567,2021/1/11
§¬§å§ç§ß§ñ,³ø·¿,§±§à§ã§å§Õ§Ñ §Õ§Ý§ñ §é§Ñ§ñ §Ú §Ü§à§æ§Ö,²èºÍ¿§·ÈÆ÷Ãó,§±§à§Õ§ã§ä§Ñ§Ü§Ñ§ß§ß§Ú§Ü,±­ÍÐ,§µ§Þ§ß§í§Û §á§à§Õ§ã§ä§Ñ§Ü§Ñ§ß§ß§Ú§Ü / §±§à§Õ§ã§ä§Ñ§Ü§Ñ§ß§ß§Ú§Ü §ã §á§à§Õ§à§Ô§â§Ö§Ó§à§Þ / §°§æ§Ú§ã§ß§í§Û §á§à§Õ§ã§ä§Ñ§Ü§Ñ§ß§ß§Ú§Ü / §±§à§Õ§ã§ä§Ñ§Ó§Ü§Ñ §ã §á§à§Õ§à§Ô§â§Ö§Ó§à§Þ §é§Ö§â§ß§í§Û,https://www.ozon.ru/product/1292489948,§¥§Ñ,§ª§± §ª§Ô§ß§Ñ§ê§Ö§Ó §£.§£.,,FBO,51216,2328,1,1829.1429,0.7857,0,10,2.210884354,11301,596,0.000176975,0.080536913,2023/11/15
§¬§å§ç§ß§ñ,³ø·¿,§±§à§ã§å§Õ§Ñ §Õ§Ý§ñ §é§Ñ§ñ §Ú §Ü§à§æ§Ö,²èºÍ¿§·ÈÆ÷Ãó,§±§à§Õ§ã§ä§Ñ§Ü§Ñ§ß§ß§Ú§Ü,±­ÍÐ,"§±§à§Õ§ã§ä§Ñ§Ü§Ñ§ß§ß§Ú§Ü §ã§à §ã§ä§Ñ§Ü§Ñ§ß§à§Þ ""§¬§à§Ý§î§é§å§Ô§Ú§ß§ã§Ü§Ú§Û §Þ§Ö§Ý§î§ç§Ú§à§â"" ""§°§ç§à§ä§ß§Ú§Ü"" §ß§Ú§Ü§Ö§Ý§Ú§â§à§Ó§Ñ§ß§ß§í§Û §ã §é§Ö§â§ß§Ö§ß§Ú§Ö§Þ §Ó §á§à§Õ§Ñ§â§à§Ü §Þ§å§Ø§é§Ú§ß§Ö, §à§ç§à§ä§ß§Ú§Ü§å, §á§Ñ§á§Ö, §Õ§Ö§Õ§å§ê§Ü§Ö",https://www.ozon.ru/product/342213334,§¥§Ñ,§¬§à§Ý§î§é§å§Ô§Ú§ß§ã§Ü§Ú§Û §Þ§Ö§Ý§î§ç§Ú§à§â,§¬§à§Ý§î§é§å§Ô§Ú§ß§ã§Ü§Ú§Û §Þ§Ö§Ý§î§ç§Ú§à§â,FBO,7272,2424,0.142857143,1818,0.75,43632,1,1.569444444,1421,57,0,0.087719298,2021/10/6
§¬§å§ç§ß§ñ,³ø·¿,§±§à§ã§å§Õ§Ñ §Õ§Ý§ñ §é§Ñ§ñ §Ú §Ü§à§æ§Ö,²èºÍ¿§·ÈÆ÷Ãó,§±§à§Õ§ã§ä§Ñ§Ü§Ñ§ß§ß§Ú§Ü,±­ÍÐ,"§±§à§Õ§ã§ä§Ñ§Ü§Ñ§ß§ß§Ú§Ü §ã§à §ã§ä§Ñ§Ü§Ñ§ß§à§Þ §Ú §Ý§à§Ø§Ü§à§Û ""§¤§Ý§Ñ§Ó§Ñ §ã§Ö§Þ§î§Ú"" (§­§±§­_§¤§Ý§Ñ§Ó§Ñ_§ã§Ö§Þ§î§Ú_§ß§Ú§Ü§Ö§Ý§î) - §á§à§Õ§Ñ§â§à§Ü §Þ§å§Ø§é§Ú§ß§Ö, §Þ§å§Ø§å, §Ò§â§Ñ§ä§å, §á§Ñ§á§Ö, §Õ§Ö§Õ§å§ê§Ü§Ö §ß§Ñ §¥§Ö§ß§î §â§à§Ø§Õ§Ö§ß§Ú§ñ, 23 §æ§Ö§Ó§â§Ñ§Ý§ñ, §¯§à§Ó§í§Û §Ô§à§Õ",https://www.ozon.ru/product/428157323,§¥§Ñ,§¤§Ñ§Ý§Ö§â§Ö§ñ §±§à§Õ§Ñ§â§Ü§à§Ó,§¡§²§´-§ã§ä§å§Õ§Ú§ñ §¬§Ý§Ñ§ã§ã§Ú§Ü,FBO,30347,3034.7,0.607142857,1785.1176,0.5882,19636.2941,5,2.7875,16081,485,0.000248741,0.055670103,2021/12/14
§¬§å§ç§ß§ñ,³ø·¿,§±§à§ã§å§Õ§Ñ §Õ§Ý§ñ §é§Ñ§ñ §Ú §Ü§à§æ§Ö,²èºÍ¿§·ÈÆ÷Ãó,§±§à§Õ§ã§ä§Ñ§Ü§Ñ§ß§ß§Ú§Ü,±­ÍÐ,"§±§à§Õ§ã§ä§Ñ§Ü§Ñ§ß§ß§Ú§Ü §¬§à§Ý§î§é§å§Ô§Ú§ß§ã§Ü§Ú§Û §Þ§Ö§Ý§î§ç§Ú§à§â ""§´§â§à§Û§Ü§Ñ"" §ß§Ú§Ü§Ö§Ý§Ú§â§à§Ó§Ñ§ß§ß§í§Û §ã §é§Ö§â§ß§Ö§ß§Ú§Ö§Þ §Ó §á§à§Õ§Ñ§â§à§Ü §Ó §á§à§Õ§Ñ§â§à§Ü §Þ§å§Ø§é§Ú§ß§Ö, §Õ§â§å§Ù§î§ñ§Þ,§Ü§à§Ý§Ý§Ö§Ô§Ö",https://www.ozon.ru/product/222002716,§¯§Ö§ä,§¬§à§Ý§î§é§å§Ô§Ú§ß§ã§Ü§Ú§Û §Þ§Ö§Ý§î§ç§Ú§à§â,§¬§à§Ý§î§é§å§Ô§Ú§ß§ã§Ü§Ú§Û §Þ§Ö§Ý§î§ç§Ú§à§â,FBO,1777,1777,0.035714286,1777,1,47979,1,4.194444444,29,13,0,0.076923077,2021/1/13
§¬§å§ç§ß§ñ,³ø·¿,§±§à§ã§å§Õ§Ñ §Õ§Ý§ñ §é§Ñ§ñ §Ú §Ü§à§æ§Ö,²èºÍ¿§·ÈÆ÷Ãó,§±§à§Õ§ã§ä§Ñ§Ü§Ñ§ß§ß§Ú§Ü,±­ÍÐ,§±§à§Õ§ã§ä§Ñ§Ü§Ñ§ß§ß§Ú§Ü §ã§à §ã§ä§Ñ§Ü§Ñ§ß§à§Þ "§¬§à§Ý§î§é§å§Ô§Ú§ß§ã§Ü§Ú§Û §Þ§Ö§Ý§î§ç§Ú§à§â" "§²§¨§¥ - §¬§Ñ§Ù§Ñ§ß§ã§Ü§Ú§Û §Ó§à§Ü§Ù§Ñ§Ý" §ß§Ú§Ü§Ö§Ý§Ú§â§à§Ó§Ñ§ß§ß§í§Û §ã §é§Ö§â§ß§Ö§ß§Ú§Ö§Þ §Ó §á§à§Õ§Ñ§â§à§Ü §Þ§å§Ø§é§Ú§ß§Ö §Ú §Ø§Ö§ß§ë§Ú§ß§Ö,https://www.ozon.ru/product/221125629,§¥§Ñ,§¬§à§Ý§î§é§å§Ô§Ú§ß§ã§Ü§Ú§Û §Þ§Ö§Ý§î§ç§Ú§à§â,§¬§à§Ý§î§é§å§Ô§Ú§ß§ã§Ü§Ú§Û §Þ§Ö§Ý§î§ç§Ú§à§â,FBO,47906,2521.3684,1,1710.9286,0.6786,0,7,0.917763158,13061,677,0.000459383,0.05760709,2021/1/11
§¬§å§ç§ß§ñ,³ø·¿,§±§à§ã§å§Õ§Ñ §Õ§Ý§ñ §é§Ñ§ñ §Ú §Ü§à§æ§Ö,²èºÍ¿§·ÈÆ÷Ãó,§±§à§Õ§ã§ä§Ñ§Ü§Ñ§ß§ß§Ú§Ü,±­ÍÐ,"§±§à§Õ§ã§ä§Ñ§Ü§Ñ§ß§ß§Ú§Ü §ã§à §ã§ä§Ñ§Ü§Ñ§ß§à§Þ §¬§à§Ý§î§é§å§Ô§Ú§ß§ã§Ü§Ú§Û §Þ§Ö§Ý§î§ç§Ú§à§â ""§³§Ñ§ß§Ü§ä-§±§Ö§ä§Ö§â§Ò§å§â§Ô"" §ß§Ú§Ü§Ö§Ý§Ú§â§à§Ó§Ñ§ß§ß§í§Û §ã §é§Ö§â§ß§Ö§ß§Ú§Ö§Þ §Ó §á§à§Õ§Ñ§â§à§Ü §Þ§å§Ø§é§Ú§ß§Ö,§Ø§Ö§ß§ë§Ú§ß§Ö,§â§à§Õ§ã§ä§Ó§Ö§ß§ß§Ú§Ü§Ñ§Þ,§Õ§â§å§Ù§î§ñ§Þ",https://www.ozon.ru/product/242245964,§¥§Ñ,§¬§à§Ý§î§é§å§Ô§Ú§ß§ã§Ü§Ú§Û §Þ§Ö§Ý§î§ç§Ú§à§â,§¬§à§Ý§î§é§å§Ô§Ú§ß§ã§Ü§Ú§Û §Þ§Ö§Ý§î§ç§Ú§à§â,FBO,47590.37,2504.7563,1,1699.6561,0.6786,0,6,1.157945736,7726,423,0.000906032,0.078014184,2021/3/17
§¬§å§ç§ß§ñ,³ø·¿,§±§à§ã§å§Õ§Ñ §Õ§Ý§ñ §é§Ñ§ñ §Ú §Ü§à§æ§Ö,²èºÍ¿§·ÈÆ÷Ãó,§±§à§Õ§ã§ä§Ñ§Ü§Ñ§ß§ß§Ú§Ü,±­ÍÐ,"§±§à§Õ§ã§ä§Ñ§Ü§Ñ§ß§ß§Ú§Ü §¬§à§Ý§î§é§å§Ô§Ú§ß§ã§Ü§Ú§Û §Þ§Ö§Ý§î§ç§Ú§à§â ""§¤§Ö§â§Ò §³§³§³§² §³§à§Ó§Ö§ä§ã§Ü§Ú§Û §ß§Ú§Ü§Ö§Ý§Ú§â§à§Ó§Ñ§ß§ß§í§Û §ã §é§Ö§â§ß§Ö§ß§Ú§Ö§Þ §Ó §á§à§Õ§Ñ§â§à§Ü §Þ§å§Ø§é§Ú§ß§Ö, §Õ§â§å§Ù§î§ñ§Þ, §Ü§à§Ý§Ý§Ö§Ô§Ñ§Þ",https://www.ozon.ru/product/257477773,§¯§Ö§ä,§¬§à§Ý§î§é§å§Ô§Ú§ß§ã§Ü§Ú§Û §Þ§Ö§Ý§î§ç§Ú§à§â,§¬§à§Ý§î§é§å§Ô§Ú§ß§ã§Ü§Ú§Û §Þ§Ö§Ý§î§ç§Ú§à§â,FBO,46991.9457,1807.3825,1,1678.2838,0.9286,0,13,2.377155172,21127,817,0.00151465,0.067319461,2021/4/22
§¬§å§ç§ß§ñ,³ø·¿,§±§à§ã§å§Õ§Ñ §Õ§Ý§ñ §é§Ñ§ñ §Ú §Ü§à§æ§Ö,²èºÍ¿§·ÈÆ÷Ãó,§±§à§Õ§ã§ä§Ñ§Ü§Ñ§ß§ß§Ú§Ü,±­ÍÐ,"§±§à§Õ§Ñ§â§à§é§ß§í§Û §ß§Ñ§Ò§à§â §á§à§Õ§ã§ä§Ñ§Ü§Ñ§ß§ß§Ú§Ü §ã§à §ã§ä§Ñ§Ü§Ñ§ß§à§Þ §Ú §à§ä§Ü§â§í§ä§Ü§à§Û §¬§à§Ý§î§é§å§Ô§Ú§ß§ã§Ü§Ú§Û §Þ§Ö§Ý§î§ç§Ú§à§â ""§¤§Ý§Ñ§Ó§Ñ §ã§Ö§Þ§î§Ú"" §ß§Ú§Ü§Ö§Ý§Ú§â§à§Ó§Ñ§ß§ß§í§Û §ã §é§Ö§â§ß§Ö§ß§Ú§Ö§Þ §Ó §á§à§Õ§Ñ§â§à§Ü §á§Ñ§á§Ö, §Õ§Ö§Õ§å§ê§Ü§Ö, §Þ§å§Ø§å",https://www.ozon.ru/product/219565107,§¥§Ñ,§¬§à§Ý§î§é§å§Ô§Ú§ß§ã§Ü§Ú§Û §Þ§Ö§Ý§î§ç§Ú§à§â,§¬§à§Ý§î§é§å§Ô§Ú§ß§ã§Ü§Ú§Û §Þ§Ö§Ý§î§ç§Ú§à§â,FBO,26124,2612.4,0.571428571,1632.75,0.625,19593,4,2.688492063,8323,584,0.000480596,0.049657534,2020/12/28
§¬§å§ç§ß§ñ,³ø·¿,§±§à§ã§å§Õ§Ñ §Õ§Ý§ñ §é§Ñ§ñ §Ú §Ü§à§æ§Ö,²èºÍ¿§·ÈÆ÷Ãó,§±§à§Õ§ã§ä§Ñ§Ü§Ñ§ß§ß§Ú§Ü,±­ÍÐ,"§±§à§Õ§ã§ä§Ñ§Ü§Ñ§ß§ß§Ú§Ü §¬§à§Ý§î§é§å§Ô§Ú§ß§ã§Ü§Ú§Û §Þ§Ö§Ý§î§ç§Ú§à§â ""§¤§Ö§â§Ò §³§³§³§²"" §Ý§Ñ§ä§å§ß§ß§í§Û §Ó §á§à§Õ§Ñ§â§à§Ü §Þ§å§Ø§é§Ú§ß§Ö, §Õ§Ö§Õ§å§ê§Ü§Ö, §á§Ñ§á§Ö",https://www.ozon.ru/product/221253461,§¥§Ñ,§¬§à§Ý§î§é§å§Ô§Ú§ß§ã§Ü§Ú§Û §Þ§Ö§Ý§î§ç§Ú§à§â,§¬§à§Ý§î§é§å§Ô§Ú§ß§ã§Ü§Ú§Û §Þ§Ö§Ý§î§ç§Ú§à§â,FBO,45693,2076.9545,1,1631.8929,0.7857,0,11,1.728174603,29138,790,0.000789347,0.073417722,2021/1/12
§¬§å§ç§ß§ñ,³ø·¿,§±§à§ã§å§Õ§Ñ §Õ§Ý§ñ §é§Ñ§ñ §Ú §Ü§à§æ§Ö,²èºÍ¿§·ÈÆ÷Ãó,§±§à§Õ§ã§ä§Ñ§Ü§Ñ§ß§ß§Ú§Ü,±­ÍÐ,§­§Ñ§ä§å§ß§ß§í§Û §á§à§Õ§ã§ä§Ñ§Ü§Ñ§ß§ß§Ú§Ü "§²§í§Ò§Ñ§Ý§Ü§Ñ §ß§Ñ §ë§å§Ü§å" §ã§à §ã§ä§Ñ§Ü§Ñ§ß§à§Þ,https://www.ozon.ru/product/373625215,§¯§Ö§ä,Premium Plus,,FBS,8108,8108,0.178571429,1621.6,0.2,37296.8,2,2.291666667,85,11,0,0.090909091,2021/11/3
§¬§å§ç§ß§ñ,³ø·¿,§±§à§ã§å§Õ§Ñ §Õ§Ý§ñ §é§Ñ§ñ §Ú §Ü§à§æ§Ö,²èºÍ¿§·ÈÆ÷Ãó,§±§à§Õ§ã§ä§Ñ§Ü§Ñ§ß§ß§Ú§Ü,±­ÍÐ,"§±§à§Õ§ã§ä§Ñ§Ü§Ñ§ß§ß§Ú§Ü §ã§à §ã§ä§Ñ§Ü§Ñ§ß§à§Þ §¬§à§Ý§î§é§å§Ô§Ú§ß§ã§Ü§Ú§Û §Þ§Ö§Ý§î§ç§Ú§à§â ""§³§ä§Ñ§Ý§Ú§ß"" §ß§Ú§Ü§Ö§Ý§Ú§â§à§Ó§Ñ§ß§ß§í§Û §ã §é§Ö§â§ß§Ö§ß§Ú§Ö§Þ §Ó §á§à§Õ§Ñ§â§à§Ü §Þ§å§Ø§é§Ú§ß§Ö, §á§Ñ§á§Ö, §Õ§Ö§Õ§å§ê§Ü§Ö, §Þ§å§Ø§å",https://www.ozon.ru/product/221136131,§¥§Ñ,§¬§à§Ý§î§é§å§Ô§Ú§ß§ã§Ü§Ú§Û §Þ§Ö§Ý§î§ç§Ú§à§â,§¬§à§Ý§î§é§å§Ô§Ú§ß§ã§Ü§Ú§Û §Þ§Ö§Ý§î§ç§Ú§à§â,FBO,4848,2424,0.107142857,1616,0.6667,40400,1,1.791666667,962,51,0.002079002,0.098039216,2021/1/11
§¬§å§ç§ß§ñ,³ø·¿,§±§à§ã§å§Õ§Ñ §Õ§Ý§ñ §é§Ñ§ñ §Ú §Ü§à§æ§Ö,²èºÍ¿§·ÈÆ÷Ãó,§±§à§Õ§ã§ä§Ñ§Ü§Ñ§ß§ß§Ú§Ü,±­ÍÐ,§±§à§Õ§ã§ä§Ñ§Ü§Ñ§ß§ß§Ú§Ü §¬§à§Ý§î§é§å§Ô§Ú§ß§ã§Ü§Ú§Û §Þ§Ö§Ý§î§ç§Ú§à§â "§±§Ö§ä§â §Ú §¶§Ö§Ó§â§à§ß§Ú§ñ" §ß§Ú§Ü§Ö§Ý§Ú§â§à§Ó§Ñ§ß§ß§í§Û §ã §é§Ö§â§ß§î§ð §Ó §á§à§Õ§Ñ§â§à§Ü §Þ§å§Ø§é§Ú§ß§Ö §Ú §Ø§Ö§ß§ë§Ú§ß§Ö,https://www.ozon.ru/product/238453286,§¯§Ö§ä,§¬§à§Ý§î§é§å§Ô§Ú§ß§ã§Ü§Ú§Û §Þ§Ö§Ý§î§ç§Ú§à§â,§¬§à§Ý§î§é§å§Ô§Ú§ß§ã§Ü§Ú§Û §Þ§Ö§Ý§î§ç§Ú§à§â,FBO,45035.9301,1801.4372,1,1608.4261,0.8929,0,10,1.453231293,17890,932,0.001006149,0.068669528,2021/3/5
§¬§å§ç§ß§ñ,³ø·¿,§±§à§ã§å§Õ§Ñ §Õ§Ý§ñ §é§Ñ§ñ §Ú §Ü§à§æ§Ö,²èºÍ¿§·ÈÆ÷Ãó,§±§à§Õ§ã§ä§Ñ§Ü§Ñ§ß§ß§Ú§Ü,±­ÍÐ,"§±§à§Õ§ã§ä§Ñ§Ü§Ñ§ß§ß§Ú§Ü §¬§à§Ý§î§é§å§Ô§Ú§ß§ã§Ü§Ú§Û §Þ§Ö§Ý§î§ç§Ú§à§â ""§²§å§ã§ã§Ü§à§Ö §é§Ñ§Ö§á§Ú§ä§Ú§Ö"" §ß§Ú§Ü§Ö§Ý§Ú§â§à§Ó§Ñ§ß§ß§í§Û §ã §é§Ö§â§ß§Ö§ß§Ú§Ö§Þ §Ó §á§à§Õ§Ñ§â§à§Ü §Þ§å§Ø§é§Ú§ß§Ö, §Õ§â§å§Ù§î§ñ§Þ,§Ü§à§Ý§Ý§Ö§Ô§Ö",https://www.ozon.ru/product/238454932,§¯§Ö§ä,§¬§à§Ý§î§é§å§Ô§Ú§ß§ã§Ü§Ú§Û §Þ§Ö§Ý§î§ç§Ú§à§â,§¬§à§Ý§î§é§å§Ô§Ú§ß§ã§Ü§Ú§Û §Þ§Ö§Ý§î§ç§Ú§à§â,FBO,38520,1750.9091,0.857142857,1605,0.9167,6420,7,2.473214286,12851,652,0.000389075,0.064417178,2021/3/5
§¬§å§ç§ß§ñ,³ø·¿,§±§à§ã§å§Õ§Ñ §Õ§Ý§ñ §é§Ñ§ñ §Ú §Ü§à§æ§Ö,²èºÍ¿§·ÈÆ÷Ãó,§±§à§Õ§ã§ä§Ñ§Ü§Ñ§ß§ß§Ú§Ü,±­ÍÐ,§±§à§Õ§ã§ä§Ñ§Ü§Ñ§ß§ß§Ú§Ü §®§à§â§æ§Ý§à§ä (§Ý§Ñ§ä§å§ß§î),https://www.ozon.ru/product/215800096,§¯§Ö§ä,§¿§Ü§ã§Ü§Ý§ð§Ù§Ú§Ó-§®,§¿§Ü§ã§Ü§Ý§ð§Ù§Ú§Ó-§®,FBS,22383,5595.75,0.5,1598.7857,0.2857,22383,1,4.097222222,637,67,0,0.119402985,2020/12/10
§¬§å§ç§ß§ñ,³ø·¿,§±§à§ã§å§Õ§Ñ §Õ§Ý§ñ §é§Ñ§ñ §Ú §Ü§à§æ§Ö,²èºÍ¿§·ÈÆ÷Ãó,§±§à§Õ§ã§ä§Ñ§Ü§Ñ§ß§ß§Ú§Ü,±­ÍÐ,§±§à§Õ§ã§ä§Ñ§Ü§Ñ§ß§ß§Ú§Ü §ã§à §ã§ä§Ñ§Ü§Ñ§ß§à§Þ §¬§à§Ý§î§é§å§Ô§Ú§ß§ã§Ü§Ú§Û §Þ§Ö§Ý§î§ç§Ú§à§â "70 §Ý§Ö§ä §³§à§Ó§Ö§ä§ã§Ü§Ú§Û" §ß§Ú§Ü§Ö§Ý§Ú§â§à§Ó§Ñ§ß§ß§í§Û §ã §é§Ö§â§ß§Ö§ß§Ú§Ö§Þ §Ó §á§à§Õ§Ñ§â§à§Ü §Þ§å§Ø§é§Ú§ß§Ö §Ú §Ø§Ö§ß§ë§Ú§ß§Ö §ß§Ñ §ð§Ò§Ú§Ý§Ö§Û,https://www.ozon.ru/product/762549801,§¥§Ñ,§¬§à§Ý§î§é§å§Ô§Ú§ß§ã§Ü§Ú§Û §Þ§Ö§Ý§î§ç§Ú§à§â,§¬§à§Ý§î§é§å§Ô§Ú§ß§ã§Ü§Ú§Û §Þ§Ö§Ý§î§ç§Ú§à§â,FBO,44713,2484.0556,1,1596.8929,0.6429,0,11,0.95,15206,539,0.000328818,0.074211503,2022/10/26
§¬§å§ç§ß§ñ,³ø·¿,§±§à§ã§å§Õ§Ñ §Õ§Ý§ñ §é§Ñ§ñ §Ú §Ü§à§æ§Ö,²èºÍ¿§·ÈÆ÷Ãó,§±§à§Õ§ã§ä§Ñ§Ü§Ñ§ß§ß§Ú§Ü,±­ÍÐ,"§±§à§Õ§ã§ä§Ñ§Ü§Ñ§ß§ß§Ú§Ü §ã§à §ã§ä§Ñ§Ü§Ñ§ß§à§Þ §¬§à§Ý§î§é§å§Ô§Ú§ß§ã§Ü§Ú§Û §Þ§Ö§Ý§î§ç§Ú§à§â ""§´§â§à§Û§Ü§Ñ"" §Ý§Ñ§ä§å§ß§ß§í§Û §Ó §á§à§Õ§Ñ§â§à§Ü §Þ§å§Ø§é§Ú§ß§Ö §Ú §Ø§Ö§ß§ë§Ú§ß§Ö, §â§à§Õ§ã§ä§Ó§Ö§ß§ß§Ú§Ü§Ñ§Þ, §Ü§à§Ý§Ý§Ö§Ô§Ñ§Þ",https://www.ozon.ru/product/282314328,§¯§Ö§ä,§¬§à§Ý§î§é§å§Ô§Ú§ß§ã§Ü§Ú§Û §Þ§Ö§Ý§î§ç§Ú§à§â,§¬§à§Ý§î§é§å§Ô§Ú§ß§ã§Ü§Ú§Û §Þ§Ö§Ý§î§ç§Ú§à§â,FBS,38267.9836,2733.4274,0.857142857,1594.4993,0.5833,6377.9973,1,9.697222222,15907,496,0.000502923,0.040322581,2021/6/30
§¬§å§ç§ß§ñ,³ø·¿,§±§à§ã§å§Õ§Ñ §Õ§Ý§ñ §é§Ñ§ñ §Ú §Ü§à§æ§Ö,²èºÍ¿§·ÈÆ÷Ãó,§±§à§Õ§ã§ä§Ñ§Ü§Ñ§ß§ß§Ú§Ü,±­ÍÐ,"§±§à§Õ§ã§ä§Ñ§Ü§Ñ§ß§ß§Ú§Ü §ã§à §ã§ä§Ñ§Ü§Ñ§ß§à§Þ §¬§à§Ý§î§é§å§Ô§Ú§ß§ã§Ü§Ú§Û §Þ§Ö§Ý§î§ç§Ú§à§â ""§®§Ú§ê§Ü§Ú §Ó §Ý§Ö§ã§å"" §ß§Ú§Ü§Ö§Ý§Ú§â§à§Ó§Ñ§ß§ß§í§Û §ã §é§Ö§â§ß§Ö§ß§Ú§Ö§Þ §Ó §á§à§Õ§Ñ§â§à§Ü §Þ§å§Ø§é§Ú§ß§Ö, §Õ§â§å§Ù§î§ñ§Þ, §Ü§à§Ý§Ý§Ö§Ô§Ö",https://www.ozon.ru/product/231104490,§¥§Ñ,§¬§à§Ý§î§é§å§Ô§Ú§ß§ã§Ü§Ú§Û §Þ§Ö§Ý§î§ç§Ú§à§â,§¬§à§Ý§î§é§å§Ô§Ú§ß§ã§Ü§Ú§Û §Þ§Ö§Ý§î§ç§Ú§à§â,FBO,44210,2456.1111,1,1578.9286,0.6429,0,9,1.080208333,10980,574,0.000910747,0.054006969,2021/2/17
§¬§å§ç§ß§ñ,³ø·¿,§±§à§ã§å§Õ§Ñ §Õ§Ý§ñ §é§Ñ§ñ §Ú §Ü§à§æ§Ö,²èºÍ¿§·ÈÆ÷Ãó,§±§à§Õ§ã§ä§Ñ§Ü§Ñ§ß§ß§Ú§Ü,±­ÍÐ,"§¯§Ñ§Ò§à§â §Õ§Ý§ñ §é§Ñ§ñ §¤§Ö§â§Ò §³§³§³§², §á§à§Ù§à§Ý§à§ä§Ñ (11639)",https://www.ozon.ru/product/491273509,§¯§Ö§ä,§®§à§Ú §á§à§Õ§Ñ§â§Ü§Ú,,FBS,21921,4384.2,0.5,1565.7857,0.3571,21921,2,2.433333333,4667,174,0.000428541,0.040229885,2022/2/9
§¬§å§ç§ß§ñ,³ø·¿,§±§à§ã§å§Õ§Ñ §Õ§Ý§ñ §é§Ñ§ñ §Ú §Ü§à§æ§Ö,²èºÍ¿§·ÈÆ÷Ãó,§±§à§Õ§ã§ä§Ñ§Ü§Ñ§ß§ß§Ú§Ü,±­ÍÐ,§µ§Þ§ß§í§Û §á§à§Õ§ã§ä§Ñ§Ü§Ñ§ß§ß§Ú§Ü / §±§à§Õ§ã§ä§Ñ§Ü§Ñ§ß§ß§Ú§Ü §ã §á§à§Õ§à§Ô§â§Ö§Ó§à§Þ / §°§æ§Ú§ã§ß§í§Û §á§à§Õ§ã§ä§Ñ§Ü§Ñ§ß§ß§Ú§Ü / §±§à§Õ§ã§ä§Ñ§Ó§Ü§Ñ §ã §á§à§Õ§à§Ô§â§Ö§Ó§à§Þ §Ù§Ö§Ý§Ö§ß§í§Û,https://www.ozon.ru/product/1292489779,§¥§Ñ,§ª§± §ª§Ô§ß§Ñ§ê§Ö§Ó §£.§£.,,FBO,42717,2034.1429,1,1525.6071,0.75,0,7,1.179347826,11838,495,0.000337895,0.096969697,2023/11/15
§¬§å§ç§ß§ñ,³ø·¿,§±§à§ã§å§Õ§Ñ §Õ§Ý§ñ §é§Ñ§ñ §Ú §Ü§à§æ§Ö,²èºÍ¿§·ÈÆ÷Ãó,§±§à§Õ§ã§ä§Ñ§Ü§Ñ§ß§ß§Ú§Ü,±­ÍÐ,§±§à§Õ§ã§ä§Ñ§Ü§Ñ§ß§ß§Ú§Ü "§¤§Ý§Ñ§Ó§Ñ §ã§Ö§Þ§î§Ú" §ã §é§Ñ§Û§ß§à§Û §Ý§à§Ø§Ü§à§Û §Ó/§Ù §Ü§Ñ§â§ä§à§ß§ß§à§Û §Ü§à§â§à§Ò§Ü§Ö,https://www.ozon.ru/product/792105214,§¯§Ö§ä,§°§ä§Õ§Ñ§Þ §á§à§Õ§Ñ§â§à§Ü 2.0,§°§ä§Õ§Ñ§Þ §á§à§Õ§Ñ§â§à§Ü,FBS,19814,4953.5,0.464285714,1524.1538,0.3077,22862.3077,1,2.833333333,904,81,0.001106195,0.074074074,2022/11/15
§¬§å§ç§ß§ñ,³ø·¿,§±§à§ã§å§Õ§Ñ §Õ§Ý§ñ §é§Ñ§ñ §Ú §Ü§à§æ§Ö,²èºÍ¿§·ÈÆ÷Ãó,§±§à§Õ§ã§ä§Ñ§Ü§Ñ§ß§ß§Ú§Ü,±­ÍÐ,§±§à§Õ§ã§ä§Ñ§Ü§Ñ§ß§ß§Ú§Ü "§¤§Ö§â§Ò §³§³§³§²"(§Ý§Ñ§ä§å§ß§î) §ã §é§Ñ§Û§ß§à§Û §Ý§à§Ø§Ü§à§Û §Ú §Ô§â§Ñ§ß§Ö§ß§í§Þ §ã§ä§Ñ§Ü§Ñ§ß§à§Þ,https://www.ozon.ru/product/1158516870,§¯§Ö§ä,§°§ä§Õ§Ñ§Þ §á§à§Õ§Ñ§â§à§Ü 2.0,§°§ä§Õ§Ñ§Þ §á§à§Õ§Ñ§â§à§Ü,FBS,42579,2838.6,1,1520.6786,0.5357,0,1,4.071969697,24183,649,0.000702973,0.080123267,2023/8/28
§¬§å§ç§ß§ñ,³ø·¿,§±§à§ã§å§Õ§Ñ §Õ§Ý§ñ §é§Ñ§ñ §Ú §Ü§à§æ§Ö,²èºÍ¿§·ÈÆ÷Ãó,§±§à§Õ§ã§ä§Ñ§Ü§Ñ§ß§ß§Ú§Ü,±­ÍÐ,§±§à§Õ§ã§ä§Ñ§Ü§Ñ§ß§ß§Ú§Ü §ã§à §ã§ä§Ñ§Ü§Ñ§ß§à§Þ "§³§ä§â§à§Ú§ä§Ö§Ý§Ú" §±§¥§¬§°-336§¥§¶,https://www.ozon.ru/product/358779067,§¯§Ö§ä,§¤§Ñ§Ý§Ö§â§Ö§ñ §±§à§Õ§Ñ§â§Ü§à§Ó,§¡§²§´-§ã§ä§å§Õ§Ú§ñ §¬§Ý§Ñ§ã§ã§Ú§Ü,FBO,41629,13876.3333,1,1486.75,0.1071,0,3,1.458333333,11246,373,0.000266762,0.034852547,2021/10/21
§¬§å§ç§ß§ñ,³ø·¿,§±§à§ã§å§Õ§Ñ §Õ§Ý§ñ §é§Ñ§ñ §Ú §Ü§à§æ§Ö,²èºÍ¿§·ÈÆ÷Ãó,§±§à§Õ§ã§ä§Ñ§Ü§Ñ§ß§ß§Ú§Ü,±­ÍÐ,"§±§à§Õ§ã§ä§Ñ§Ü§Ñ§ß§ß§Ú§Ü §¬§à§Ý§î§é§å§Ô§Ú§ß§ã§Ü§Ú§Û §Þ§Ö§Ý§î§ç§Ú§à§â ""§²§Ñ§Ù§Ó§à§Õ§ß§í§Ö §Þ§à§ã§ä§í"" §ß§Ú§Ü§Ö§Ý§Ú§â§à§Ó§Ñ§ß§ß§í§Û §ã §é§Ö§â§ß§Ö§ß§Ú§Ö§Þ §Ó §á§à§Õ§Ñ§â§à§Ü §Þ§å§Ø§é§Ú§ß§Ö §Ú §Ø§Ö§ß§ë§Ú§ß§Ö, §â§à§Õ§Ú§ä§Ö§Ý§ñ§Þ, §â§à§Õ§ã§ä§Ó§Ö§ß§ß§Ú§Ü§Ñ§Þ, §Ü§à§Ý§Ý§Ö§Ô§Ñ§Þ",https://www.ozon.ru/product/222664963,§¯§Ö§ä,§¬§à§Ý§î§é§å§Ô§Ú§ß§ã§Ü§Ú§Û §Þ§Ö§Ý§î§ç§Ú§à§â,§¬§à§Ý§î§é§å§Ô§Ú§ß§ã§Ü§Ú§Û §Þ§Ö§Ý§î§ç§Ú§à§â,FBS,26385,1759,0.642857143,1465.8333,0.8333,14658.3333,1,4.130555556,4886,221,0.000613999,0.067873303,2021/1/15
§¬§å§ç§ß§ñ,³ø·¿,§±§à§ã§å§Õ§Ñ §Õ§Ý§ñ §é§Ñ§ñ §Ú §Ü§à§æ§Ö,²èºÍ¿§·ÈÆ÷Ãó,§±§à§Õ§ã§ä§Ñ§Ü§Ñ§ß§ß§Ú§Ü,±­ÍÐ,"§±§à§Õ§ã§ä§Ñ§Ü§Ñ§ß§ß§Ú§Ü §¬§à§Ý§î§é§å§Ô§Ú§ß§ã§Ü§Ú§Û §Þ§Ö§Ý§î§ç§Ú§à§â ""§´§Ñ§ß§Ü §´-34"" §ß§Ú§Ü§Ö§Ý§Ú§â§à§Ó§Ñ§ß§ß§í§Û §ã §é§Ö§â§ß§Ö§ß§î§ð §Ó §á§à§Õ§Ñ§â§à§Ü §Þ§å§Ø§é§Ú§ß§Ö,§Ü§à§Ý§Ý§Ö§Ô§Ö,§Õ§â§å§Ô§å.",https://www.ozon.ru/product/222378599,§¥§Ñ,§¬§à§Ý§î§é§å§Ô§Ú§ß§ã§Ü§Ú§Û §Þ§Ö§Ý§î§ç§Ú§à§â,§¬§à§Ý§î§é§å§Ô§Ú§ß§ã§Ü§Ú§Û §Þ§Ö§Ý§î§ç§Ú§à§â,FBO,14551,1818.875,0.357142857,1455.1,0.8,26191.8,3,1.794117647,5836,239,0.001199452,0.062761506,2021/1/14
§¬§å§ç§ß§ñ,³ø·¿,§±§à§ã§å§Õ§Ñ §Õ§Ý§ñ §é§Ñ§ñ §Ú §Ü§à§æ§Ö,²èºÍ¿§·ÈÆ÷Ãó,§±§à§Õ§ã§ä§Ñ§Ü§Ñ§ß§ß§Ú§Ü,±­ÍÐ,"§±§à§Õ§ã§ä§Ñ§Ü§Ñ§ß§ß§Ú§Ü §ã§à §ã§ä§Ñ§Ü§Ñ§ß§à§Þ ""§¤§Ý§Ñ§Ó§Ñ §ã§Ö§Þ§î§Ú"" (§­§±_§¤§Ý§Ñ§Ó§Ñ_§ã§Ö§Þ§î§Ú_§ß§Ú§Ü§Ö§Ý§î) - §á§à§Õ§Ñ§â§à§Ü §Þ§å§Ø§é§Ú§ß§Ö, §Þ§å§Ø§å, §Ò§â§Ñ§ä§å, §á§Ñ§á§Ö, §Õ§Ö§Õ§å§ê§Ü§Ö §ß§Ñ §¥§Ö§ß§î §â§à§Ø§Õ§Ö§ß§Ú§ñ, 23 §æ§Ö§Ó§â§Ñ§Ý§ñ, §¯§à§Ó§í§Û §Ô§à§Õ",https://www.ozon.ru/product/707726179,§¥§Ñ,§¤§Ñ§Ý§Ö§â§Ö§ñ §±§à§Õ§Ñ§â§Ü§à§Ó,§¬§à§Ý§î§é§å§Ô§Ú§ß§ã§Ü§Ú§Û §Þ§Ö§Ý§î§ç§Ú§à§â,FBO,40446,3111.2308,1,1444.5,0.4643,0,10,1.383064516,56745,1269,0.000440567,0.047281324,2022/9/10
§¬§å§ç§ß§ñ,³ø·¿,§±§à§ã§å§Õ§Ñ §Õ§Ý§ñ §é§Ñ§ñ §Ú §Ü§à§æ§Ö,²èºÍ¿§·ÈÆ÷Ãó,§±§à§Õ§ã§ä§Ñ§Ü§Ñ§ß§ß§Ú§Ü,±­ÍÐ,§±§à§Õ§ã§ä§Ñ§Ü§Ñ§ß§ß§Ú§Ü §£§Ö§â§ä§à§Ý§Ö§ä§í (§Ý§Ñ§ä§å§ß§î),https://www.ozon.ru/product/217766644,§¯§Ö§ä,§¿§Ü§ã§Ü§Ý§ð§Ù§Ú§Ó-§®,§¿§Ü§ã§Ü§Ý§ð§Ù§Ú§Ó-§®,FBS,38440,5491.4286,0.964285714,1423.7037,0.2593,1423.7037,1,5.379901961,1488,285,0,0.059649123,2020/12/18
§¬§å§ç§ß§ñ,³ø·¿,§±§à§ã§å§Õ§Ñ §Õ§Ý§ñ §é§Ñ§ñ §Ú §Ü§à§æ§Ö,²èºÍ¿§·ÈÆ÷Ãó,§±§à§Õ§ã§ä§Ñ§Ü§Ñ§ß§ß§Ú§Ü,±­ÍÐ,"§±§à§Õ§ã§ä§Ñ§Ó§Ü§Ñ §á§à§Õ §ã§ä§Ñ§Ü§Ñ§ß§í §Ú §Ü§â§å§Ø§Ü§Ú, §ã§Ó§Ö§ä§à§Õ§Ú§à§Õ§ß§í§Û §Ò§Ú§â§Õ§Ö§Ü§Ö§Ý§î",https://www.ozon.ru/product/1400567448,§¯§Ö§ä,§¶§Ú§ä§ð§Ý§î§Ü§Ú §Ú §Ò§Ú§â§ð§Ý§î§Ü§Ú,§ä§Ö§ç§ß§à §æ§Ú§ä§ð§Ý§î§Ü§Ú,FBO,7114,395.2222,0.178571429,1422.8,3.6,32724.4,6,1.704268293,6152,596,0.00130039,0.060402685,2024/1/23
§¬§å§ç§ß§ñ,³ø·¿,§±§à§ã§å§Õ§Ñ §Õ§Ý§ñ §é§Ñ§ñ §Ú §Ü§à§æ§Ö,²èºÍ¿§·ÈÆ÷Ãó,§±§à§Õ§ã§ä§Ñ§Ü§Ñ§ß§ß§Ú§Ü,±­ÍÐ,"§±§à§Õ§ã§ä§Ñ§Ü§Ñ§ß§ß§Ú§Ü §ã§à §ã§ä§Ñ§Ü§Ñ§ß§à§Þ §¬§à§Ý§î§é§å§Ô§Ú§ß§ã§Ü§Ú§Û §Þ§Ö§Ý§î§ç§Ú§à§â ""§¤§Ö§â§Ò §³§³§³§²"" §Þ§Ö§Õ§ß§í§Û §Ó §á§à§Õ§Ñ§â§à§Ü §â§à§Õ§ã§ä§Ó§Ö§ß§ß§Ú§Ü§Ñ§Þ, §Õ§â§å§Ù§î§ñ§Þ, §Ü§à§Ý§Ý§Ö§Ô§Ö",https://www.ozon.ru/product/221252746,§¥§Ñ,§¬§à§Ý§î§é§å§Ô§Ú§ß§ã§Ü§Ú§Û §Þ§Ö§Ý§î§ç§Ú§à§â,§¬§à§Ý§î§é§å§Ô§Ú§ß§ã§Ü§Ú§Û §Þ§Ö§Ý§î§ç§Ú§à§â,FBO,39810,3317.5,1,1421.7857,0.4286,0,6,1.863636364,14804,671,0.000675493,0.043219076,2021/1/12
§¬§å§ç§ß§ñ,³ø·¿,§±§à§ã§å§Õ§Ñ §Õ§Ý§ñ §é§Ñ§ñ §Ú §Ü§à§æ§Ö,²èºÍ¿§·ÈÆ÷Ãó,§±§à§Õ§ã§ä§Ñ§Ü§Ñ§ß§ß§Ú§Ü,±­ÍÐ,§±§à§Õ§ã§ä§Ñ§Ü§Ñ§ß§ß§Ú§Ü §ß§Ú§Ü§Ö§Ý§Ú§â§à§Ó§Ñ§ß§ß§í§Û §²§¨§¥. §¬§à§Ý§î§é§å§Ô§Ú§ß§ã§Ü§Ú§Û §Þ§Ö§Ý§î§ç§Ú§à§â,https://www.ozon.ru/product/1407323578,§¯§Ö§ä,§¿§Ü§ã§Ü§Ý§ð§Ù§Ú§Ó§ß§í§Ö §á§à§Õ§Ñ§â§Ü§Ú,§¬§à§Ý§î§é§å§Ô§Ú§ß§ã§Ü§Ú§Û §Þ§Ö§Ý§î§ç§Ú§à§â,FBS,39689,1984.45,1,1417.4643,0.7143,0,1,5.331300813,7245,837,0.00110421,0.063321386,2024/1/28
§¬§å§ç§ß§ñ,³ø·¿,§±§à§ã§å§Õ§Ñ §Õ§Ý§ñ §é§Ñ§ñ §Ú §Ü§à§æ§Ö,²èºÍ¿§·ÈÆ÷Ãó,§±§à§Õ§ã§ä§Ñ§Ü§Ñ§ß§ß§Ú§Ü,±­ÍÐ,§±§à§Õ§ã§ä§Ñ§Ü§Ñ§ß§ß§Ú§Ü §ª§â§Ú§ã (§Ý§Ñ§ä§å§ß§î),https://www.ozon.ru/product/218465840,§¯§Ö§ä,§¿§Ü§ã§Ü§Ý§ð§Ù§Ú§Ó-§®,§¿§Ü§ã§Ü§Ý§ð§Ù§Ú§Ó-§®,FBS,19785.9933,4946.4983,0.5,1413.2852,0.2857,19785.9933,1,5.854166667,669,82,0.001494768,0.085365854,2020/12/23
§¬§å§ç§ß§ñ,³ø·¿,§±§à§ã§å§Õ§Ñ §Õ§Ý§ñ §é§Ñ§ñ §Ú §Ü§à§æ§Ö,²èºÍ¿§·ÈÆ÷Ãó,§±§à§Õ§ã§ä§Ñ§Ü§Ñ§ß§ß§Ú§Ü,±­ÍÐ,§±§à§Õ§ã§ä§Ñ§Ü§Ñ§ß§ß§Ú§Ü §á§à§Õ§Ñ§â§à§é§ß§í§Û §Ú§Ù §Ò§â§à§ß§Ù§í "§±§à§á§å§ä§ß§à§Ô§à §Ó§Ö§ä§â§Ñ" §ã§à §ã§ä§Ñ§Ü§Ñ§ß§à§Þ §Ú §Ý§à§Ø§Ü§à§Û §Ó §æ§å§ä§Ý§ñ§â§Ö (§ç§å§Õ§à§Ø§Ö§ã§ä§Ó§Ö§ß§ß§à§Ö §Ý§Ú§ä§î§Ö),https://www.ozon.ru/product/941292032,§¥§Ñ,§¤§Ñ§Ý§Ö§â§Ö§ñ §±§à§Õ§Ñ§â§Ü§à§Ó,§¡§²§´-§ã§ä§å§Õ§Ú§ñ §¬§Ý§Ñ§ã§ã§Ú§Ü,FBO,28179,14089.5,0.714285714,1408.95,0.1,11271.6,2,1,4043,179,0,0.022346369,2023/4/17
§¬§å§ç§ß§ñ,³ø·¿,§±§à§ã§å§Õ§Ñ §Õ§Ý§ñ §é§Ñ§ñ §Ú §Ü§à§æ§Ö,²èºÍ¿§·ÈÆ÷Ãó,§±§à§Õ§ã§ä§Ñ§Ü§Ñ§ß§ß§Ú§Ü,±­ÍÐ,"§±§à§Õ§ã§ä§Ñ§Ü§Ñ§ß§ß§Ú§Ü §ã§à §ã§ä§Ñ§Ü§Ñ§ß§à§Þ ""§¤§Ý§Ñ§Ó§Ñ §ã§Ö§Þ§î§Ú"", 12,5 §ç 12,5 §ç 13 §ã§Þ / 7148303",https://www.ozon.ru/product/840669378,§¯§Ö§ä,Premium Plus,,FBS,1389,1389,0.035714286,1389,1,37503,1,8.208333333,54,15,0,0.066666667,2023/1/19
§¬§å§ç§ß§ñ,³ø·¿,§±§à§ã§å§Õ§Ñ §Õ§Ý§ñ §é§Ñ§ñ §Ú §Ü§à§æ§Ö,²èºÍ¿§·ÈÆ÷Ãó,§±§à§Õ§ã§ä§Ñ§Ü§Ñ§ß§ß§Ú§Ü,±­ÍÐ,"§±§à§Õ§ã§ä§Ñ§Ü§Ñ§ß§ß§Ú§Ü §á§à§Õ§Ñ§â§à§é§ß§í§Û, §á§à§Ù§à§Ý§à§é§Ö§ß§ß§í§Û §À§¢§ª§­§¦§« 50 §­§¦§´ §Ó §æ§å§ä§Ý§ñ§â§Ö §ê§Ü§Ñ§ä§å§Ý§Ü§Ö, §ã§à §ã§ä§Ñ§Ü§Ñ§ß§à§Þ §Ú §Ý§à§Ø§Ü§à§Û (§á§à§Õ§Ñ§â§à§Ü §Þ§å§Ø§å, §á§Ñ§á§Ö, §Õ§Ö§Õ§å§ê§Ü§Ö §ß§Ñ §Õ§Ö§ß§î §â§à§Ø§Õ§Ö§ß§Ú§Ö §Ú §ß§Ñ §ð§Ò§Ú§Ý§Ö§Û)",https://www.ozon.ru/product/756449348,§¯§Ö§ä,§³§´§¡§¬§¡§¯§½.§³§µ,,RFBS,38881,7776.2,1,1388.6071,0.1786,0,2,3.2,26192,546,0.000229078,0.025641026,2022/10/21
§¬§å§ç§ß§ñ,³ø·¿,§±§à§ã§å§Õ§Ñ §Õ§Ý§ñ §é§Ñ§ñ §Ú §Ü§à§æ§Ö,²èºÍ¿§·ÈÆ÷Ãó,§±§à§Õ§ã§ä§Ñ§Ü§Ñ§ß§ß§Ú§Ü,±­ÍÐ,"§±§à§Õ§ã§ä§Ñ§Ü§Ñ§ß§ß§Ú§Ü §ã§à §ã§ä§Ñ§Ü§Ñ§ß§à§Þ ""§³§³§³§²"" (§­§±_§³§³§³§²_§Ý§Ñ§ä§å§ß§î) - §á§à§Õ§Ñ§â§à§Ü §Þ§å§Ø§é§Ú§ß§Ö, §Þ§å§Ø§å, §Ò§â§Ñ§ä§å, §á§Ñ§á§Ö, §Õ§Ö§Õ§å§ê§Ü§Ö §ß§Ñ §¥§Ö§ß§î §â§à§Ø§Õ§Ö§ß§Ú§ñ, 23 §æ§Ö§Ó§â§Ñ§Ý§ñ, §¯§à§Ó§í§Û §Ô§à§Õ",https://www.ozon.ru/product/697566427,§¥§Ñ,§¤§Ñ§Ý§Ö§â§Ö§ñ §±§à§Õ§Ñ§â§Ü§à§Ó,§¬§à§Ý§î§é§å§Ô§Ú§ß§ã§Ü§Ú§Û §Þ§Ö§Ý§î§ç§Ú§à§â,FBO,38813,2985.6154,1,1386.1786,0.4643,0,11,0.868333333,23967,428,0.00020862,0.065420561,2022/9/2
§¬§å§ç§ß§ñ,³ø·¿,§±§à§ã§å§Õ§Ñ §Õ§Ý§ñ §é§Ñ§ñ §Ú §Ü§à§æ§Ö,²èºÍ¿§·ÈÆ÷Ãó,§±§à§Õ§ã§ä§Ñ§Ü§Ñ§ß§ß§Ú§Ü,±­ÍÐ,"§±§à§Õ§ã§ä§Ñ§Ü§Ñ§ß§ß§Ú§Ü §¬§à§Ý§î§é§å§Ô§Ú§ß§ã§Ü§Ú§Û §Þ§Ö§Ý§î§ç§Ú§à§â ""§´§â§à§Û§Ü§Ñ §Ý§à§ê§Ñ§Õ§Ö§Û"" §ß§Ú§Ü§Ö§Ý§Ú§â§à§Ó§Ñ§ß§ß§í§Û §ã §é§Ö§â§ß§Ö§ß§Ú§Ö§Þ §Ó §á§à§Õ§Ñ§â§à§Ü §Þ§å§Ø§é§Ú§ß§Ö, §Õ§â§å§Ù§î§ñ§Þ,§Ü§à§Ý§Ý§Ö§Ô§Ö",https://www.ozon.ru/product/233048567,§¯§Ö§ä,§¬§à§Ý§î§é§å§Ô§Ú§ß§ã§Ü§Ú§Û §Þ§Ö§Ý§î§ç§Ú§à§â,§¬§à§Ý§î§é§å§Ô§Ú§ß§ã§Ü§Ú§Û §Þ§Ö§Ý§î§ç§Ú§à§â,FBO,38668,1757.6364,1,1381,0.7857,0,5,2.317592593,15653,738,0.000766626,0.070460705,2021/2/24
§¬§å§ç§ß§ñ,³ø·¿,§±§à§ã§å§Õ§Ñ §Õ§Ý§ñ §é§Ñ§ñ §Ú §Ü§à§æ§Ö,²èºÍ¿§·ÈÆ÷Ãó,§±§à§Õ§ã§ä§Ñ§Ü§Ñ§ß§ß§Ú§Ü,±­ÍÐ,"§¯§Ñ§Ò§à§â §Õ§Ý§ñ §é§Ñ§ñ §¤§Ö§â§Ò §²§à§ã§ã§Ú§Ú, §á§à§Ù§à§Ý§à§ä§Ñ (11638)",https://www.ozon.ru/product/491276581,§¯§Ö§ä,§®§à§Ú §á§à§Õ§Ñ§â§Ü§Ú,,FBS,26166,4361,0.678571429,1377.1579,0.3158,12394.4211,2,2.541666667,11079,397,9.03E-05,0.027707809,2022/2/9
§¬§å§ç§ß§ñ,³ø·¿,§±§à§ã§å§Õ§Ñ §Õ§Ý§ñ §é§Ñ§ñ §Ú §Ü§à§æ§Ö,²èºÍ¿§·ÈÆ÷Ãó,§±§à§Õ§ã§ä§Ñ§Ü§Ñ§ß§ß§Ú§Ü,±­ÍÐ,§±§à§Õ§ã§ä§Ñ§Ü§Ñ§ß§ß§Ú§Ü §ã§à §ã§ä§Ñ§Ü§Ñ§ß§à§Þ §Ú §Ý§à§Ø§Ü§à§Û "§¤§Ö§â§Ò §²§à§ã§ã§Ú§Ú" §Ó §æ§å§ä§Ý§ñ§â§Ö,https://www.ozon.ru/product/1402010100,§¥§Ñ,§¤§Ñ§Ý§Ö§â§Ö§ñ §±§à§Õ§Ñ§â§Ü§à§Ó,§¬§à§Ý§î§é§å§Ô§Ú§ß§ã§Ü§Ú§Û §Þ§Ö§Ý§î§ç§Ú§à§â,FBO,35542,4442.75,0.928571429,1367,0.3077,2734,3,1.688888889,8535,392,0.000468658,0.051020408,2024/1/24
§¬§å§ç§ß§ñ,³ø·¿,§±§à§ã§å§Õ§Ñ §Õ§Ý§ñ §é§Ñ§ñ §Ú §Ü§à§æ§Ö,²èºÍ¿§·ÈÆ÷Ãó,§±§à§Õ§ã§ä§Ñ§Ü§Ñ§ß§ß§Ú§Ü,±­ÍÐ,§±§à§Õ§Ñ§â§à§é§ß§í§Û §ß§Ñ§Ò§à§â §±§à§Õ§ã§ä§Ñ§Ü§Ñ§ß§ß§Ú§Ü §£§¦§¬§¡ §Ú §¬§â§Ñ§ã§ß§à§Õ§Ñ§â§ã§Ü§Ú§Û §é§Ñ§Û §é§Ö§â§ß§í§Û §Ý§Ú§ã§ä§à§Ó§à§Û 30 §Ô§â,https://www.ozon.ru/product/1007300146,§¯§Ö§ä,HomeTim,§£§¦§¬§¡,FBS,31030,1193.4615,0.821428571,1349.1304,1.1304,6745.6522,1,5.51984127,8834,1861,0.00113199,0.059108006,2023/5/31
§¬§å§ç§ß§ñ,³ø·¿,§±§à§ã§å§Õ§Ñ §Õ§Ý§ñ §é§Ñ§ñ §Ú §Ü§à§æ§Ö,²èºÍ¿§·ÈÆ÷Ãó,§±§à§Õ§ã§ä§Ñ§Ü§Ñ§ß§ß§Ú§Ü,±­ÍÐ,"§±§à§Õ§ã§ä§Ñ§Ü§Ñ§ß§ß§Ú§Ü §¬§à§Ý§î§é§å§Ô§Ú§ß§ã§Ü§Ú§Û §Þ§Ö§Ý§î§ç§Ú§à§â ""75 §Ý§Ö§ä §±§à§Ò§Ö§Õ§í"" §ß§Ú§Ü§Ö§Ý§Ú§â§à§Ó§Ñ§ß§ß§í§Û §ã §é§Ö§â§ß§î§ð §Ó §á§à§Õ§Ñ§â§à§Ü §Þ§å§Ø§é§Ú§ß§Ö, §Õ§â§å§Ù§î§ñ§Þ, §Ü§à§Ý§Ý§Ö§Ô§Ö.",https://www.ozon.ru/product/553088662,§¯§Ö§ä,§¬§à§Ý§î§é§å§Ô§Ú§ß§ã§Ü§Ú§Û §Þ§Ö§Ý§î§ç§Ú§à§â,§¬§à§Ý§î§é§å§Ô§Ú§ß§ã§Ü§Ú§Û §Þ§Ö§Ý§î§ç§Ú§à§â,FBS,1343,1343,0.035714286,1343,1,36261,1,4.291666667,471,57,0,0.087719298,2022/4/12
§¬§å§ç§ß§ñ,³ø·¿,§±§à§ã§å§Õ§Ñ §Õ§Ý§ñ §é§Ñ§ñ §Ú §Ü§à§æ§Ö,²èºÍ¿§·ÈÆ÷Ãó,§±§à§Õ§ã§ä§Ñ§Ü§Ñ§ß§ß§Ú§Ü,±­ÍÐ,"§±§à§Õ§ã§ä§Ñ§Ü§Ñ§ß§ß§Ú§Ü §ã§à §ã§ä§Ñ§Ü§Ñ§ß§à§Þ §¬§à§Ý§î§é§å§Ô§Ú§ß§ã§Ü§Ú§Û §Þ§Ö§Ý§î§ç§Ú§à§â ""§¤§Ö§â§Ò §²§¶"" §Þ§Ö§Õ§ß§í§Û §Ó §á§à§Õ§Ñ§â§à§Ü §Þ§å§Ø§é§Ú§ß§Ö §Ú §Ø§Ö§ß§ë§Ú§ß§Ö, §â§à§Õ§Ú§ä§Ö§Ý§ñ§Þ, §â§à§Õ§ã§ä§Ó§Ö§ß§ß§Ú§Ü§Ñ§Þ, §Ü§à§Ý§Ý§Ö§Ô§Ñ§Þ",https://www.ozon.ru/product/224716751,§¯§Ö§ä,§¬§à§Ý§î§é§å§Ô§Ú§ß§ã§Ü§Ú§Û §Þ§Ö§Ý§î§ç§Ú§à§â,§¬§à§Ý§î§é§å§Ô§Ú§ß§ã§Ü§Ú§Û §Þ§Ö§Ý§î§ç§Ú§à§â,FBS,24048,3435.4286,0.642857143,1336,0.3889,13360,1,4.44047619,4485,507,0.000222965,0.043392505,2021/1/23
§¬§å§ç§ß§ñ,³ø·¿,§±§à§ã§å§Õ§Ñ §Õ§Ý§ñ §é§Ñ§ñ §Ú §Ü§à§æ§Ö,²èºÍ¿§·ÈÆ÷Ãó,§±§à§Õ§ã§ä§Ñ§Ü§Ñ§ß§ß§Ú§Ü,±­ÍÐ,§±§à§Õ§ã§ä§Ñ§Ü§Ñ§ß§ß§Ú§Ü §©§à§Õ§Ú§Ñ§Ü: §£§à§Õ§à§Ý§Ö§Û (§Ý§Ñ§ä§å§ß§î),https://www.ozon.ru/product/219490897,§¯§Ö§ä,§¿§Ü§ã§Ü§Ý§ð§Ù§Ú§Ó-§®,§¿§Ü§ã§Ü§Ý§ð§Ù§Ú§Ó-§®,FBS,5334,5334,0.142857143,1333.5,0.25,32004,1,7.125,147,41,0,0.048780488,2020/12/27
§¬§å§ç§ß§ñ,³ø·¿,§±§à§ã§å§Õ§Ñ §Õ§Ý§ñ §é§Ñ§ñ §Ú §Ü§à§æ§Ö,²èºÍ¿§·ÈÆ÷Ãó,§±§à§Õ§ã§ä§Ñ§Ü§Ñ§ß§ß§Ú§Ü,±­ÍÐ,§±§à§Õ§ã§ä§Ñ§Ü§Ñ§ß§ß§Ú§Ü "§±§à§á§å§ä§ß§à§Ô§à §Ó§Ö§ä§â§Ñ" §ã§à §ã§ä§Ñ§Ü§Ñ§ß§à§Þ §Ú §Ý§à§Ø§Ö§é§Ü§à§Û §Ó §á§à§Õ§Ñ§â§à§é§ß§à§Þ §æ§å§ä§Ý§ñ§â§Ö,https://www.ozon.ru/product/258924291,§¯§Ö§ä,§®§Ñ§Ô§Ñ§Ù§Ú§ß §á§à§Õ§Ñ§â§Ü§à§Ó "§³§é§Ñ§ã§ä§Ý§Ú§Ó§í§Û §³§Ý§å§é§Ñ§Û",,FBS,5258,5258,0.142857143,1314.5,0.25,31548,1,5.291666667,6,2,0,0.5,2021/4/27
§¬§å§ç§ß§ñ,³ø·¿,§±§à§ã§å§Õ§Ñ §Õ§Ý§ñ §é§Ñ§ñ §Ú §Ü§à§æ§Ö,²èºÍ¿§·ÈÆ÷Ãó,§±§à§Õ§ã§ä§Ñ§Ü§Ñ§ß§ß§Ú§Ü,±­ÍÐ,§±§à§Õ§ã§ä§Ñ§Ü§Ñ§ß§ß§Ú§Ü §á§à§Õ§Ñ§â§à§é§ß§í§Û §ß§Ú§Ü§Ö§Ý§Ú§â§à§Ó§Ñ§ß§ß§í§Û §´§Ñ§Ó§â§Ú§ñ,https://www.ozon.ru/product/514759798,§¯§Ö§ä,§®§à§Ú §á§à§Õ§Ñ§â§Ü§Ú,,FBS,7850,1962.5,0.214285714,1308.3333,0.6667,28783.3333,2,2.348484848,641,60,0,0.083333333,2022/3/4
§¬§å§ç§ß§ñ,³ø·¿,§±§à§ã§å§Õ§Ñ §Õ§Ý§ñ §é§Ñ§ñ §Ú §Ü§à§æ§Ö,²èºÍ¿§·ÈÆ÷Ãó,§±§à§Õ§ã§ä§Ñ§Ü§Ñ§ß§ß§Ú§Ü,±­ÍÐ,§±§à§Õ§ã§ä§Ñ§Ü§Ñ§ß§ß§Ú§Ü §¥§à§Ò§í§é§Ñ §ß§Ö§æ§ä§Ú §Ú §Ô§Ñ§Ù§Ñ (§Ý§Ñ§ä§å§ß§î),https://www.ozon.ru/product/217765966,§¯§Ö§ä,§¿§Ü§ã§Ü§Ý§ð§Ù§Ú§Ó-§®,§¿§Ü§ã§Ü§Ý§ð§Ù§Ú§Ó-§®,FBS,35093,5848.8333,1,1253.3214,0.2143,0,1,4.30952381,866,62,0,0.096774194,2020/12/18
§¬§å§ç§ß§ñ,³ø·¿,§±§à§ã§å§Õ§Ñ §Õ§Ý§ñ §é§Ñ§ñ §Ú §Ü§à§æ§Ö,²èºÍ¿§·ÈÆ÷Ãó,§±§à§Õ§ã§ä§Ñ§Ü§Ñ§ß§ß§Ú§Ü,±­ÍÐ,"§±§à§Õ§ã§ä§Ñ§Ü§Ñ§ß§ß§Ú§Ü §¬§à§Ý§î§é§å§Ô§Ú§ß§ã§Ü§Ú§Û §Þ§Ö§Ý§î§ç§Ú§à§â ""§´§â§Ú §¢§à§Ô§Ñ§ä§í§â§ñ"" §ß§Ú§Ü§Ö§Ý§Ú§â§à§Ó§Ñ§ß§ß§í§Û §ã §é§Ö§â§ß§Ö§ß§Ú§Ö§Þ §Ó §á§à§Õ§Ñ§â§à§Ü §Þ§å§Ø§é§Ú§ß§Ö, §Õ§â§å§Ù§î§ñ§Þ,§Ü§à§Ý§Ý§Ö§Ô§Ö",https://www.ozon.ru/product/222410934,§¯§Ö§ä,§¬§à§Ý§î§é§å§Ô§Ú§ß§ã§Ü§Ú§Û §Þ§Ö§Ý§î§ç§Ú§à§â,§¬§à§Ý§î§é§å§Ô§Ú§ß§ã§Ü§Ú§Û §Þ§Ö§Ý§î§ç§Ú§à§â,FBO,34895,1744.75,1,1246.25,0.7143,0,10,2.319791667,16513,698,0.001150609,0.053008596,2021/1/14
§¬§å§ç§ß§ñ,³ø·¿,§±§à§ã§å§Õ§Ñ §Õ§Ý§ñ §é§Ñ§ñ §Ú §Ü§à§æ§Ö,²èºÍ¿§·ÈÆ÷Ãó,§±§à§Õ§ã§ä§Ñ§Ü§Ñ§ß§ß§Ú§Ü,±­ÍÐ,"§±§à§Õ§ã§ä§Ñ§Ü§Ñ§ß§ß§Ú§Ü §¬§à§Ý§î§é§å§Ô§Ú§ß§ã§Ü§Ú§Û §Þ§Ö§Ý§î§ç§Ú§à§â ""§³§ä§Ñ§Ý§Ú§ß"" §ß§Ú§Ü§Ö§Ý§Ú§â§à§Ó§Ñ§ß§ß§í§Û §ã §é§Ö§â§ß§Ö§ß§Ú§Ö§Þ §Ó §á§à§Õ§Ñ§â§à§Ü §á§Ñ§á§Ö, §Õ§Ö§Õ§å§ê§Ü§Ö, §Þ§å§Ø§å",https://www.ozon.ru/product/222366080,§¥§Ñ,§¬§à§Ý§î§é§å§Ô§Ú§ß§ã§Ü§Ú§Û §Þ§Ö§Ý§î§ç§Ú§à§â,§¬§à§Ý§î§é§å§Ô§Ú§ß§ã§Ü§Ú§Û §Þ§Ö§Ý§î§ç§Ú§à§â,FBO,24788,1770.5714,0.714285714,1239.4,0.7,9915.2,7,2.245689655,4466,253,0.001791312,0.067193676,2021/1/14
§¬§å§ç§ß§ñ,³ø·¿,§±§à§ã§å§Õ§Ñ §Õ§Ý§ñ §é§Ñ§ñ §Ú §Ü§à§æ§Ö,²èºÍ¿§·ÈÆ÷Ãó,§±§à§Õ§ã§ä§Ñ§Ü§Ñ§ß§ß§Ú§Ü,±­ÍÐ,"§±§à§Õ§ã§ä§Ñ§Ü§Ñ§ß§ß§Ú§Ü §¬§à§Ý§î§é§å§Ô§Ú§ß§ã§Ü§Ú§Û §Þ§Ö§Ý§î§ç§Ú§à§â ""§¤§Ö§â§Ò §²§¶ (§ß§à§Ó§Ñ§ñ §á§Ý§Ñ§ã§ä§Ú§ß§Ñ §¤§±)"" §ß§Ú§Ü§Ö§Ý§Ú§â§à§Ó§Ñ§ß§ß§í§Û §ã §é§Ö§â§ß§Ö§ß§Ú§Ö§Þ §Ó §á§à§Õ§Ñ§â§à§Ü §Þ§å§Ø§é§Ú§ß§Ö §Ú §Ø§Ö§ß§ë§Ú§ß§Ö,§Ü§à§Ý§Ý§Ö§Ô§Ö,§Õ§â§å§Ù§î§ñ§Þ.",https://www.ozon.ru/product/1082637165,§¯§Ö§ä,§¬§à§Ý§î§é§å§Ô§Ú§ß§ã§Ü§Ú§Û §Þ§Ö§Ý§î§ç§Ú§à§â,§¬§à§Ý§î§é§å§Ô§Ú§ß§ã§Ü§Ú§Û §Þ§Ö§Ý§î§ç§Ú§à§â,FBS,19623,1783.9091,0.571428571,1226.4375,0.6875,14717.25,1,5.607526882,12126,1286,0.000742207,0.055209953,2023/7/17
§¬§å§ç§ß§ñ,³ø·¿,§±§à§ã§å§Õ§Ñ §Õ§Ý§ñ §é§Ñ§ñ §Ú §Ü§à§æ§Ö,²èºÍ¿§·ÈÆ÷Ãó,§±§à§Õ§ã§ä§Ñ§Ü§Ñ§ß§ß§Ú§Ü,±­ÍÐ,§±§à§Õ§ã§ä§Ñ§Ü§Ñ§ß§ß§Ú§Ü §Ó§â§Ö§Ù§ß§à§Û §Ú§Ù §ß§Ö§â§Ø§Ñ§Ó§Ö§ð§ë§Ö§Û §ã§ä§Ñ§Ý§Ú,https://www.ozon.ru/product/977606208,§¯§Ö§ä,Avacha store,AVACHA,FBO,25580.413,623.9125,0.75,1218.1149,1.9524,8526.8043,3,5.549329502,4371,569,0.002516587,0.108963093,2023/5/12
§¬§å§ç§ß§ñ,³ø·¿,§±§à§ã§å§Õ§Ñ §Õ§Ý§ñ §é§Ñ§ñ §Ú §Ü§à§æ§Ö,²èºÍ¿§·ÈÆ÷Ãó,§±§à§Õ§ã§ä§Ñ§Ü§Ñ§ß§ß§Ú§Ü,±­ÍÐ,§±§à§Õ§ã§ä§Ñ§Ü§Ñ§ß§ß§Ú§Ü §á§à§Õ§Ñ§â§à§é§ß§í§Û §Ú§Ù §Ý§Ñ§ä§å§ß§Ú §ã§à §ã§ä§Ñ§Ü§Ñ§ß§à§Þ §Ú §Ý§à§Ø§Ü§à§Û "§³ §ð§Ò§Ú§Ý§Ö§Ö§Þ! 55 §Ý§Ö§ä" §Ó §æ§å§ä§Ý§ñ§â§Ö,https://www.ozon.ru/product/1152163095,§¯§Ö§ä,§¤§Ñ§Ý§Ö§â§Ö§ñ §±§à§Õ§Ñ§â§Ü§à§Ó,§¡§²§´-§ã§ä§å§Õ§Ú§ñ §¬§Ý§Ñ§ã§ã§Ú§Ü,FBO,9133,4566.5,0.285714286,1141.625,0.25,22832.5,2,1.083333333,3491,116,0.000286451,0.025862069,2023/8/24
§¬§å§ç§ß§ñ,³ø·¿,§±§à§ã§å§Õ§Ñ §Õ§Ý§ñ §é§Ñ§ñ §Ú §Ü§à§æ§Ö,²èºÍ¿§·ÈÆ÷Ãó,§±§à§Õ§ã§ä§Ñ§Ü§Ñ§ß§ß§Ú§Ü,±­ÍÐ,"§±§à§Õ§ã§ä§Ñ§Ü§Ñ§ß§ß§Ú§Ü §ã§à §ã§ä§Ñ§Ü§Ñ§ß§à§Þ §¬§à§Ý§î§é§å§Ô§Ú§ß§ã§Ü§Ú§Û §Þ§Ö§Ý§î§ç§Ú§à§â ""§³§á§Ñ§â§ä§Ñ§Ü"" §ß§Ú§Ü§Ö§Ý§Ú§â§à§Ó§Ñ§ß§ß§í§Û §ã §ï§Þ§Ñ§Ý§î§ð §Ó §á§à§Õ§Ñ§â§à§Ü §Þ§å§Ø§é§Ú§ß§Ö,§Ò§à§Ý§Ö§Ý§î§ë§Ú§Ü§å,§Õ§â§å§Ô§å,§Ü§à§Ý§Ý§Ö§Ô§Ö",https://www.ozon.ru/product/804730109,§¥§Ñ,§¬§à§Ý§î§é§å§Ô§Ú§ß§ã§Ü§Ú§Û §Þ§Ö§Ý§î§ç§Ú§à§â,§¬§à§Ý§î§é§å§Ô§Ú§ß§ã§Ü§Ú§Û §Þ§Ö§Ý§î§ç§Ú§à§â,FBO,31660,3166,1,1130.7143,0.3571,0,10,1.525,13406,557,0.000522154,0.046678636,2022/11/28
§¬§å§ç§ß§ñ,³ø·¿,§±§à§ã§å§Õ§Ñ §Õ§Ý§ñ §é§Ñ§ñ §Ú §Ü§à§æ§Ö,²èºÍ¿§·ÈÆ÷Ãó,§±§à§Õ§ã§ä§Ñ§Ü§Ñ§ß§ß§Ú§Ü,±­ÍÐ,§±§à§Õ§ã§ä§Ñ§Ü§Ñ§ß§ß§Ú§Ü §Ý§Ñ§ä§å§ß§ß§í§Û "§®§Ñ§Ý§Ñ§ç§Ú§ä". §©§Ý§Ñ§ä§à§å§ã§ä,https://www.ozon.ru/product/745810716,§¯§Ö§ä,Premium Plus,§²§å§ã§î §£§Ö§Ý§Ú§Ü§Ñ§ñ,FBS,31501,15750.5,1,1125.0357,0.0714,0,1,6.208333333,5501,156,0.000181785,0.012820513,2022/10/13
§¬§å§ç§ß§ñ,³ø·¿,§±§à§ã§å§Õ§Ñ §Õ§Ý§ñ §é§Ñ§ñ §Ú §Ü§à§æ§Ö,²èºÍ¿§·ÈÆ÷Ãó,§±§à§Õ§ã§ä§Ñ§Ü§Ñ§ß§ß§Ú§Ü,±­ÍÐ,"§±§à§Õ§ã§ä§Ñ§Ü§Ñ§ß§ß§Ú§Ü §¬§Ý§Ñ§ã§ã§Ú§é§Ö§ã§Ü§Ú§Û §¯§Ñ§Ò§à§â §Ú§Ù 2-§ç §ê§ä§å§Ü §Ó §Ü§à§Þ§á§Ý§Ö§Ü§ä§Ö §ã §ã§ä§Ñ§Ü§Ñ§ß§Ñ§Þ§Ú,§Ý§à§Ø§Ü§Ñ§Þ§Ú §Ú §ã§ä§à§á§Ü§Ñ§Þ§Ú. (§¥§Ú§Ù§Ñ§Û§ß A: §®§à§ã§Ü§Ó§Ñ: §¬§â§Ñ§ã§ß§Ñ§ñ §±§Ý§à§ë§Ñ§Õ§î)",https://www.ozon.ru/product/469103571,§¯§Ö§ä,Crafts from Russia,,FBO,4252,4252,0.142857143,1063,0.25,25512,1,0.833333333,7630,293,0.000262123,0.027303754,2022/1/17
§¬§å§ç§ß§ñ,³ø·¿,§±§à§ã§å§Õ§Ñ §Õ§Ý§ñ §é§Ñ§ñ §Ú §Ü§à§æ§Ö,²èºÍ¿§·ÈÆ÷Ãó,§±§à§Õ§ã§ä§Ñ§Ü§Ñ§ß§ß§Ú§Ü,±­ÍÐ,§±§à§Õ§ã§ä§Ñ§Ü§Ñ§ß§ß§Ú§Ü §ã§à §ã§ä§Ñ§Ü§Ñ§ß§à§Þ §¬§à§Ý§î§é§å§Ô§Ú§ß§ã§Ü§Ú§Û §Þ§Ö§Ý§î§ç§Ú§à§â "§²§å§ã§ã§Ü§à§Ö §é§Ñ§Ö§á§Ú§ä§Ú§Ö" §ß§Ú§Ü§Ö§Ý§Ú§â§à§Ó§Ñ§ß§ß§í§Û §ã §é§Ö§â§ß§Ö§ß§Ú§Ö§Þ §Ó §á§à§Õ§Ñ§â§à§Ü §Þ§å§Ø§é§Ú§ß§Ö §Ú §Ø§Ö§ß§ë§Ú§ß§Ö,https://www.ozon.ru/product/221135456,§¥§Ñ,§¬§à§Ý§î§é§å§Ô§Ú§ß§ã§Ü§Ú§Û §Þ§Ö§Ý§î§ç§Ú§à§â,§¬§à§Ý§î§é§å§Ô§Ú§ß§ã§Ü§Ú§Û §Þ§Ö§Ý§î§ç§Ú§à§â,FBO,29500,2458.3333,1,1053.5714,0.4286,0,6,0.850694444,8620,416,0.000928074,0.057692308,2021/1/11
§¬§å§ç§ß§ñ,³ø·¿,§±§à§ã§å§Õ§Ñ §Õ§Ý§ñ §é§Ñ§ñ §Ú §Ü§à§æ§Ö,²èºÍ¿§·ÈÆ÷Ãó,§±§à§Õ§ã§ä§Ñ§Ü§Ñ§ß§ß§Ú§Ü,±­ÍÐ,§±§à§Õ§ã§ä§Ñ§Ü§Ñ§ß§ß§Ú§Ü "§¤§Ö§à§â§Ô§Ú§Û §±§à§Ò§Ö§Õ§à§ß§à§ã§Ö§è" (§Ý§Ñ§ä§å§ß§î)§ã §é§Ñ§Û§ß§à§Û §Ý§à§Ø§Ü§à§Û §Ú §Ô§â§Ñ§ß§Ö§ß§í§Þ §ã§ä§Ñ§Ü§Ñ§ß§à§Þ,https://www.ozon.ru/product/1106522467,§¯§Ö§ä,§ª§® "§°§ä§Õ§Ñ§Þ §á§à§Õ§Ñ§â§à§Ü",§°§ä§Õ§Ñ§Þ §á§à§Õ§Ñ§â§à§Ü,FBS,25153,2794.7778,0.857142857,1048.0417,0.375,4192.1667,1,6.21875,15415,922,0.000389231,0.034707158,2023/7/30
§¬§å§ç§ß§ñ,³ø·¿,§±§à§ã§å§Õ§Ñ §Õ§Ý§ñ §é§Ñ§ñ §Ú §Ü§à§æ§Ö,²èºÍ¿§·ÈÆ÷Ãó,§±§à§Õ§ã§ä§Ñ§Ü§Ñ§ß§ß§Ú§Ü,±­ÍÐ,"§±§à§Õ§ã§ä§Ñ§Ü§Ñ§ß§ß§Ú§Ü §¬§à§Ý§î§é§å§Ô§Ú§ß§ã§Ü§Ú§Û §Þ§Ö§Ý§î§ç§Ú§à§â ""§®§Ú§ê§Ü§Ú §Ó §Ý§Ö§ã§å"" §ß§Ú§Ü§Ö§Ý§Ú§â§à§Ó§Ñ§ß§ß§í§Û §ã §é§Ö§â§ß§Ö§ß§Ú§Ö§Þ §Ó §á§à§Õ§Ñ§â§à§Ü §Þ§å§Ø§é§Ú§ß§Ö, §Õ§â§å§Ù§î§ñ§Þ,§Ü§à§Ý§Ý§Ö§Ô§Ö",https://www.ozon.ru/product/233048586,§¯§Ö§ä,§¬§à§Ý§î§é§å§Ô§Ú§ß§ã§Ü§Ú§Û §Þ§Ö§Ý§î§ç§Ú§à§â,§¬§à§Ý§î§é§å§Ô§Ú§ß§ã§Ü§Ú§Û §Þ§Ö§Ý§î§ç§Ú§à§â,FBO,29302.01,1831.3756,1,1046.5004,0.5714,0,4,1.603571429,11803,733,0.000677794,0.045020464,2021/2/24
§¬§å§ç§ß§ñ,³ø·¿,§±§à§ã§å§Õ§Ñ §Õ§Ý§ñ §é§Ñ§ñ §Ú §Ü§à§æ§Ö,²èºÍ¿§·ÈÆ÷Ãó,§±§à§Õ§ã§ä§Ñ§Ü§Ñ§ß§ß§Ú§Ü,±­ÍÐ,"§±§à§Õ§ã§ä§Ñ§Ü§Ñ§ß§ß§Ú§Ü §ã§à §ã§ä§Ñ§Ü§Ñ§ß§à§Þ §Ú §Ý§à§Ø§Ü§à§Û ""§³§³§³§²"" (§­§±§­_§³§³§³§²_§ß§Ú§Ü§Ö§Ý§î) - §á§à§Õ§Ñ§â§à§Ü §Þ§å§Ø§é§Ú§ß§Ö, §Þ§å§Ø§å, §Ò§â§Ñ§ä§å, §á§Ñ§á§Ö, §Õ§Ö§Õ§å§ê§Ü§Ö §ß§Ñ §¥§Ö§ß§î §â§à§Ø§Õ§Ö§ß§Ú§ñ, 23 §æ§Ö§Ó§â§Ñ§Ý§ñ, §¯§à§Ó§í§Û §Ô§à§Õ",https://www.ozon.ru/product/351140702,§¥§Ñ,§¤§Ñ§Ý§Ö§â§Ö§ñ §±§à§Õ§Ñ§â§Ü§à§Ó,§¬§à§Ý§î§é§å§Ô§Ú§ß§ã§Ü§Ú§Û §Þ§Ö§Ý§î§ç§Ú§à§â,FBO,21601,3085.8571,0.75,1028.619,0.3333,7200.3333,2,2.440104167,38166,532,0.000183409,0.045112782,2021/10/14
§¬§å§ç§ß§ñ,³ø·¿,§±§à§ã§å§Õ§Ñ §Õ§Ý§ñ §é§Ñ§ñ §Ú §Ü§à§æ§Ö,²èºÍ¿§·ÈÆ÷Ãó,§±§à§Õ§ã§ä§Ñ§Ü§Ñ§ß§ß§Ú§Ü,±­ÍÐ,§±§à§Õ§ã§ä§Ñ§Ü§Ñ§ß§ß§Ú§Ü "70 §Ý§Ö§ä" §³§à§Ó§Ö§ä§ã§Ü§Ú§Û (§Ù§à§Ý§à§ä§à) §ã §é§Ñ§Û§ß§à§Û §Ý§à§Ø§Ü§à§Û §Ó §Õ§Ö§â§Ö§Ó§ñ§ß§ß§à§Þ §æ§å§ä§Ý§ñ§â§Ö,https://www.ozon.ru/product/917555326,§¯§Ö§ä,§­§¥-§®§Ñ§â§Ü§Ö§ä,§°§ä§Õ§Ñ§Þ §á§à§Õ§Ñ§â§à§Ü,FBS,28637,5727.4,1,1022.75,0.1786,0,1,3.713541667,1456,64,0,0.109375,2023/3/31
§¬§å§ç§ß§ñ,³ø·¿,§±§à§ã§å§Õ§Ñ §Õ§Ý§ñ §é§Ñ§ñ §Ú §Ü§à§æ§Ö,²èºÍ¿§·ÈÆ÷Ãó,§±§à§Õ§ã§ä§Ñ§Ü§Ñ§ß§ß§Ú§Ü,±­ÍÐ,§±§à§Õ§ã§ä§Ñ§Ü§Ñ§ß§ß§Ú§Ü §ã§à §ã§ä§Ñ§Ü§Ñ§ß§à§Þ §Ú §Ý§à§Ø§Ü§à§Û "§¤§Ö§â§Ò §²§à§ã§ã§Ú§Ú",https://www.ozon.ru/product/1246336155,§¯§Ö§ä,§¤§Ñ§Ý§Ö§â§Ö§ñ §±§à§Õ§Ñ§â§Ü§à§Ó,§¬§à§Ý§î§é§å§Ô§Ú§ß§ã§Ü§Ú§Û §Þ§Ö§Ý§î§ç§Ú§à§â,FBS,6121,3060.5,0.214285714,1020.1667,0.3333,22443.6667,1,3.194444444,1195,101,0,0.059405941,2023/10/17
§¬§å§ç§ß§ñ,³ø·¿,§±§à§ã§å§Õ§Ñ §Õ§Ý§ñ §é§Ñ§ñ §Ú §Ü§à§æ§Ö,²èºÍ¿§·ÈÆ÷Ãó,§±§à§Õ§ã§ä§Ñ§Ü§Ñ§ß§ß§Ú§Ü,±­ÍÐ,§±§à§Õ§ã§ä§Ñ§Ü§Ñ§ß§ß§Ú§Ü §á§à§Õ§Ñ§â§à§é§ß§í§Û §Ú§Ù §Ò§â§à§ß§Ù§í "§­§Ö§Ó" §ã§à §ã§ä§Ñ§Ü§Ñ§ß§à§Þ §Ú §Ý§à§Ø§Ü§à§Û §Ó §æ§å§ä§Ý§ñ§â§Ö §±§¥§¬§°-322§¥§¶ (§ç§å§Õ§à§Ø§Ö§ã§ä§Ó§Ö§ß§ß§à§Ö §Ý§Ú§ä§î§Ö),https://www.ozon.ru/product/358762329,§¯§Ö§ä,§¤§Ñ§Ý§Ö§â§Ö§ñ §±§à§Õ§Ñ§â§Ü§à§Ó,§¡§²§´-§ã§ä§å§Õ§Ú§ñ §¬§Ý§Ñ§ã§ã§Ú§Ü,FBO,28511,14255.5,1,1018.25,0.0714,0,3,0.416666667,8414,225,0.00011885,0.044444444,2021/10/21
§¬§å§ç§ß§ñ,³ø·¿,§±§à§ã§å§Õ§Ñ §Õ§Ý§ñ §é§Ñ§ñ §Ú §Ü§à§æ§Ö,²èºÍ¿§·ÈÆ÷Ãó,§±§à§Õ§ã§ä§Ñ§Ü§Ñ§ß§ß§Ú§Ü,±­ÍÐ,§±§à§Õ§ã§ä§Ñ§Ü§Ñ§ß§ß§Ú§Ü "§¤§Ö§â§Ò §³§³§³§²"(§Ý§Ñ§ä§å§ß§î) §ã §é§Ñ§Û§ß§à§Û §Ý§à§Ø§Ü§à§Û §Ú §Ô§â§Ñ§ß§Ö§ß§í§Þ §ã§ä§Ñ§Ü§Ñ§ß§à§Þ,https://www.ozon.ru/product/1093859886,§¯§Ö§ä,§ª§® "§°§ä§Õ§Ñ§Þ §á§à§Õ§Ñ§â§à§Ü",§°§ä§Õ§Ñ§Þ §á§à§Õ§Ñ§â§à§Ü,FBS,25124,2791.5556,0.892857143,1004.96,0.36,3014.88,1,5.448863636,20458,976,0.000684329,0.048155738,2023/7/23
§¬§å§ç§ß§ñ,³ø·¿,§±§à§ã§å§Õ§Ñ §Õ§Ý§ñ §é§Ñ§ñ §Ú §Ü§à§æ§Ö,²èºÍ¿§·ÈÆ÷Ãó,§±§à§Õ§ã§ä§Ñ§Ü§Ñ§ß§ß§Ú§Ü,±­ÍÐ,§±§à§Õ§Ñ§â§à§é§ß§í§Û §ß§Ñ§Ò§à§â "§³§Ý§Ö§Õ§ã§ä§Ó§Ö§ß§ß§í§Û §Ü§à§Þ§Ú§ä§Ö§ä" §Ó §æ§å§ä§Ý§ñ§â§Ö,https://www.ozon.ru/product/212113724,§¯§Ö§ä,§®§Ñ§ã§ä§Ö§â §á§à§Õ§Ñ§â§Ü§à§Ó,§®§Ñ§ã§ä§Ö§â §á§à§Õ§Ñ§â§Ü§à§Ó,FBS,6971,6971,0.25,995.8571,0.1429,20913,1,6.125,114,19,0,0.105263158,2020/11/30
§¬§å§ç§ß§ñ,³ø·¿,§±§à§ã§å§Õ§Ñ §Õ§Ý§ñ §é§Ñ§ñ §Ú §Ü§à§æ§Ö,²èºÍ¿§·ÈÆ÷Ãó,§±§à§Õ§ã§ä§Ñ§Ü§Ñ§ß§ß§Ú§Ü,±­ÍÐ,"§±§à§Õ§ã§ä§Ñ§Ü§Ñ§ß§ß§Ú§Ü §¬§à§Ý§î§é§å§Ô§Ú§ß§ã§Ü§Ú§Û §Þ§Ö§Ý§î§ç§Ú§à§â ""§µ§¤§®§¬"" §ß§Ú§Ü§Ö§Ý§Ú§â§à§Ó§Ñ§ß§ß§í§Û §ã §é§Ö§â§ß§Ö§ß§Ú§Ö§Þ §Ó §á§à§Õ§Ñ§â§à§Ü §Þ§å§Ø§é§Ú§ß§Ö §Ú §Ø§Ö§ß§ë§Ú§ß§Ö, §Õ§â§å§Ô§å, §Ü§à§Ý§Ý§Ö§Ô§Ö",https://www.ozon.ru/product/1040742529,§¯§Ö§ä,§¬§à§Ý§î§é§å§Ô§Ú§ß§ã§Ü§Ú§Û §Þ§Ö§Ý§î§ç§Ú§à§â,§¬§à§Ý§î§é§å§Ô§Ú§ß§ã§Ü§Ú§Û §Þ§Ö§Ý§î§ç§Ú§à§â,FBS,5819,969.8333,0.214285714,969.8333,1,21336.3333,1,5.45,1269,319,0.001576044,0.072100313,2023/6/19
§¬§å§ç§ß§ñ,³ø·¿,§±§à§ã§å§Õ§Ñ §Õ§Ý§ñ §é§Ñ§ñ §Ú §Ü§à§æ§Ö,²èºÍ¿§·ÈÆ÷Ãó,§±§à§Õ§ã§ä§Ñ§Ü§Ñ§ß§ß§Ú§Ü,±­ÍÐ,"§±§à§Õ§ã§ä§Ñ§Ü§Ñ§ß§ß§Ú§Ü §¬§à§Ý§î§é§å§Ô§Ú§ß§ã§Ü§Ú§Û §Þ§Ö§Ý§î§ç§Ú§à§â ""§´§â§à§Û§Ü§Ñ §Ý§à§ê§Ñ§Õ§Ö§Û"" §ß§Ú§Ü§Ö§Ý§Ú§â§à§Ó§Ñ§ß§ß§í§Û §ã §é§Ö§â§ß§Ö§ß§Ú§Ö§Þ §Ó §á§à§Õ§Ñ§â§à§Ü §Þ§å§Ø§é§Ú§ß§Ö, §Õ§â§å§Ù§î§ñ§Þ,§Ü§à§Ý§Ý§Ö§Ô§Ö",https://www.ozon.ru/product/233048572,§¯§Ö§ä,§¬§à§Ý§î§é§å§Ô§Ú§ß§ã§Ü§Ú§Û §Þ§Ö§Ý§î§ç§Ú§à§â,§¬§à§Ý§î§é§å§Ô§Ú§ß§ã§Ü§Ú§Û §Þ§Ö§Ý§î§ç§Ú§à§â,FBS,27022,1801.4667,1,965.0714,0.5357,0,1,6.284482759,7542,365,0.000795545,0.087671233,2021/2/24
§¬§å§ç§ß§ñ,³ø·¿,§±§à§ã§å§Õ§Ñ §Õ§Ý§ñ §é§Ñ§ñ §Ú §Ü§à§æ§Ö,²èºÍ¿§·ÈÆ÷Ãó,§±§à§Õ§ã§ä§Ñ§Ü§Ñ§ß§ß§Ú§Ü,±­ÍÐ,§±§à§Õ§ã§ä§Ñ§Ü§Ñ§ß§ß§Ú§Ü §Ò§Ö§Ù §ã§ä§Ñ§Ü§Ñ§ß§Ñ,https://www.ozon.ru/product/1416007090,§¯§Ö§ä,§´§Ö§Ü§ã§ä§Ú§Ý§î §¥§£,,FBS,12387.7446,619.3872,0.464285714,952.9034,1.5385,14293.5515,1,16.3,4364,1051,0.003666361,0.082778306,2024/2/5
§¬§å§ç§ß§ñ,³ø·¿,§±§à§ã§å§Õ§Ñ §Õ§Ý§ñ §é§Ñ§ñ §Ú §Ü§à§æ§Ö,²èºÍ¿§·ÈÆ÷Ãó,§±§à§Õ§ã§ä§Ñ§Ü§Ñ§ß§ß§Ú§Ü,±­ÍÐ,"§±§à§Õ§ã§ä§Ñ§Ü§Ñ§ß§ß§Ú§Ü §¬§à§Ý§î§é§å§Ô§Ú§ß§ã§Ü§Ú§Û §Þ§Ö§Ý§î§ç§Ú§à§â ""§¤§Ö§â§Ò §²§¶"" §ß§Ú§Ü§Ö§Ý§Ú§â§à§Ó§Ñ§ß§ß§í§Û §ã §é§Ö§â§ß§î§ð §Ó §á§à§Õ§Ñ§â§à§Ü §Þ§å§Ø§é§Ú§ß§Ö, §â§å§Ü§à§Ó§à§Õ§Ú§ä§Ö§Ý§ð, §Ü§à§Ý§Ý§Ö§Ô§Ö.",https://www.ozon.ru/product/222364019,§¯§Ö§ä,§¬§à§Ý§î§é§å§Ô§Ú§ß§ã§Ü§Ú§Û §Þ§Ö§Ý§î§ç§Ú§à§â,§¬§à§Ý§î§é§å§Ô§Ú§ß§ã§Ü§Ú§Û §Þ§Ö§Ý§î§ç§Ú§à§â,FBS,21801,1816.75,0.821428571,947.8696,0.5217,4739.3478,1,9.604166667,14191,456,0.000775139,0.078947368,2021/1/14
§¬§å§ç§ß§ñ,³ø·¿,§±§à§ã§å§Õ§Ñ §Õ§Ý§ñ §é§Ñ§ñ §Ú §Ü§à§æ§Ö,²èºÍ¿§·ÈÆ÷Ãó,§±§à§Õ§ã§ä§Ñ§Ü§Ñ§ß§ß§Ú§Ü,±­ÍÐ,§±§à§Õ§ã§ä§Ñ§Ü§Ñ§ß§ß§Ú§Ü "§³§ä§Ñ§Ý§Ú§ß §ª.§£." (§Ý§Ñ§ä§å§ß§î) §ã §é§Ñ§Û§ß§à§Û §Ý§à§Ø§Ü§à§Û §Ú §Ô§â§Ñ§ß§Ö§ß§í§Þ §ã§ä§Ñ§Ü§Ñ§ß§à§Þ §Ó §Ü§Ñ§â§ä§à§ß§ß§à§Û §Ü§à§â§à§Ò§Ü§Ö,https://www.ozon.ru/product/1263234305,§¯§Ö§ä,§°§ä§Õ§Ñ§Þ §á§à§Õ§Ñ§â§à§Ü 2.0,§°§ä§Õ§Ñ§Þ §á§à§Õ§Ñ§â§à§Ü,FBS,11321,2830.25,0.428571429,943.4167,0.3333,15094.6667,1,5.395833333,9381,205,0.000106598,0.068292683,2023/10/27
§¬§å§ç§ß§ñ,³ø·¿,§±§à§ã§å§Õ§Ñ §Õ§Ý§ñ §é§Ñ§ñ §Ú §Ü§à§æ§Ö,²èºÍ¿§·ÈÆ÷Ãó,§±§à§Õ§ã§ä§Ñ§Ü§Ñ§ß§ß§Ú§Ü,±­ÍÐ,§±§à§Õ§ã§ä§Ñ§Ó§Ü§Ñ §Õ§Ý§ñ §Ü§â§å§Ø§Ü§Ú,https://www.ozon.ru/product/1407287224,§¯§Ö§ä,§´§Ó§à§â§é§Ö§ã§Ü§Ñ§ñ §Þ§Ñ§ã§ä§Ö§â§ã§Ü§Ñ§ñ,,FBO,934,934,0.035714286,934,1,25218,1,3.5,31,4,0,0.25,2024/1/28
§¬§å§ç§ß§ñ,³ø·¿,§±§à§ã§å§Õ§Ñ §Õ§Ý§ñ §é§Ñ§ñ §Ú §Ü§à§æ§Ö,²èºÍ¿§·ÈÆ÷Ãó,§±§à§Õ§ã§ä§Ñ§Ü§Ñ§ß§ß§Ú§Ü,±­ÍÐ,§±§à§Õ§ã§ä§Ñ§Ü§Ñ§ß§ß§Ú§Ü §Õ§Ý§ñ §ã§ä§Ñ§Ü§Ñ§ß§Ñ §Ú§Ù §ß§Ö§â§Ø§Ñ§Ó§Ö§Û§Ü§Ú §²§¨§¥ §µ§â§Ñ§Ý,https://www.ozon.ru/product/251694149,§¯§Ö§ä,Premium Plus,§µ§â§Ñ§Ý,FBO,26069,592.4773,1,931.0357,1.5714,0,5,2.447189922,20151,3124,0.001687261,0.045134443,2021/4/9
§¬§å§ç§ß§ñ,³ø·¿,§±§à§ã§å§Õ§Ñ §Õ§Ý§ñ §é§Ñ§ñ §Ú §Ü§à§æ§Ö,²èºÍ¿§·ÈÆ÷Ãó,§±§à§Õ§ã§ä§Ñ§Ü§Ñ§ß§ß§Ú§Ü,±­ÍÐ,"§±§à§Õ§ã§ä§Ñ§Ü§Ñ§ß§ß§Ú§Ü §ã§à §ã§ä§Ñ§Ü§Ñ§ß§à§Þ §¬§à§Ý§î§é§å§Ô§Ú§ß§ã§Ü§Ú§Û §Þ§Ö§Ý§î§ç§Ú§à§â ""§±§×§ä§â §Ú §¶§Ö§Ó§â§à§ß§Ú§ñ"" §Ý§Ñ§ä§å§ß§ß§í§Û §Ó §á§à§Õ§Ñ§â§à§Ü §Þ§å§Ø§é§Ú§ß§Ö §Ú §Ø§Ö§ß§ë§Ú§ß§Ö, §â§à§Õ§ã§ä§Ó§Ö§ß§ß§Ú§Ü§å, §Õ§â§å§Ô§å",https://www.ozon.ru/product/282294877,§¯§Ö§ä,§¬§à§Ý§î§é§å§Ô§Ú§ß§ã§Ü§Ú§Û §Þ§Ö§Ý§î§ç§Ú§à§â,§¬§à§Ý§î§é§å§Ô§Ú§ß§ã§Ü§Ú§Û §Þ§Ö§Ý§î§ç§Ú§à§â,FBO,25556,2839.5556,1,912.7143,0.3214,0,6,1.385964912,13748,455,0.000363689,0.030769231,2021/6/30
§¬§å§ç§ß§ñ,³ø·¿,§±§à§ã§å§Õ§Ñ §Õ§Ý§ñ §é§Ñ§ñ §Ú §Ü§à§æ§Ö,²èºÍ¿§·ÈÆ÷Ãó,§±§à§Õ§ã§ä§Ñ§Ü§Ñ§ß§ß§Ú§Ü,±­ÍÐ,"§±§à§Õ§ã§ä§Ñ§Ü§Ñ§ß§ß§Ú§Ü §ã§à §ã§ä§Ñ§Ü§Ñ§ß§à§Þ §¬§à§Ý§î§é§å§Ô§Ú§ß§ã§Ü§Ú§Û §Þ§Ö§Ý§î§ç§Ú§à§â ""§³§Ü§à§â§á§Ú§à§ß"" §á§à§ã§Ö§â§Ö§Ò§â§Ö§ß§ß§í§Û §á§à§Ý§Ú§â§à§Ó§Ñ§ß§ß§í§Û §ã §é§Ö§â§ß§Ö§ß§Ú§Ö§Þ §Ó §Ü§à§â§à§Ò§Ü§Ö §Ó §á§à§Õ§Ñ§â§à§Ü §Þ§å§Ø§é§Ú§ß§Ö,§Ø§Ö§ß§ë§Ú§ß§Ö,§Õ§â§å§Ù§î§ñ§Þ,§Ü§à§Ý§Ý§Ö§Ô§Ö",https://www.ozon.ru/product/583529382,§¯§Ö§ä,§¬§à§Ý§î§é§å§Ô§Ú§ß§ã§Ü§Ú§Û §Þ§Ö§Ý§î§ç§Ú§à§â,§¬§à§Ý§î§é§å§Ô§Ú§ß§ã§Ü§Ú§Û §Þ§Ö§Ý§î§ç§Ú§à§â,FBS,9945,9945,0.392857143,904.0909,0.0909,15369.5455,1,3.333333333,370,20,0,0.05,2022/5/11
§¬§å§ç§ß§ñ,³ø·¿,§±§à§ã§å§Õ§Ñ §Õ§Ý§ñ §é§Ñ§ñ §Ú §Ü§à§æ§Ö,²èºÍ¿§·ÈÆ÷Ãó,§±§à§Õ§ã§ä§Ñ§Ü§Ñ§ß§ß§Ú§Ü,±­ÍÐ,§±§à§Õ§ã§ä§Ñ§Ü§Ñ§ß§ß§Ú§Ü §ã§à §ã§ä§Ñ§Ü§Ñ§ß§à§Þ "§¬§à§Ý§î§é§å§Ô§Ú§ß§ã§Ü§Ú§Û §Þ§Ö§Ý§î§ç§Ú§à§â""§À§Ò§Ú§Ý§Ö§Û§ß§í§Û - 55 §Ý§Ö§ä (§³§à§Ó§Ö§ä§ã§Ü§Ú§Û)" §ß§Ú§Ü§Ö§Ý§Ú§â§à§Ó§Ñ§ß§ß§í§Û §ã §é§Ö§â§ß§Ö§ß§Ú§Ö§Þ §Ú §ã §ï§Þ§Ñ§Ý§î§ð §Ó §á§à§Õ§Ñ§â§à§Ü §Þ§å§Ø§é§Ú§ß§Ö §Ú §Ø§Ö§ß§ë§Ú§ß§Ö §ß§Ñ §ð§Ò§Ú§Ý§Ö§Û,https://www.ozon.ru/product/238377431,§¯§Ö§ä,§¬§à§Ý§î§é§å§Ô§Ú§ß§ã§Ü§Ú§Û §Þ§Ö§Ý§î§ç§Ú§à§â,§¬§à§Ý§î§é§å§Ô§Ú§ß§ã§Ü§Ú§Û §Þ§Ö§Ý§î§ç§Ú§à§â,FBO,24928,3116,1,890.2857,0.2857,0,3,1.78125,17809,443,0.000112303,0.045146727,2021/3/5
§¬§å§ç§ß§ñ,³ø·¿,§±§à§ã§å§Õ§Ñ §Õ§Ý§ñ §é§Ñ§ñ §Ú §Ü§à§æ§Ö,²èºÍ¿§·ÈÆ÷Ãó,§±§à§Õ§ã§ä§Ñ§Ü§Ñ§ß§ß§Ú§Ü,±­ÍÐ,§±§à§Õ§ã§ä§Ñ§Ü§Ñ§ß§ß§Ú§Ü §Õ§Ý§ñ §ã§ä§Ñ§Ü§Ñ§ß§Ñ §¤§Ö§â§Ò §³§³§³§² §ß§Ú§Ü§Ö§Ý§Ú§â§à§Ó§Ñ§ß§ß§í§Û,https://www.ozon.ru/product/1389743636,§¯§Ö§ä,§£§¦§¥§µ§¤§¡,§¬§à§Ý§î§é§å§Ô§Ú§ß§ã§Ü§Ú§Û §Þ§Ö§Ý§î§ç§Ú§à§â,FBO,24824,1773.1429,1,886.5714,0.5,0,2,2.842261905,16131,985,0.001363834,0.076142132,2024/1/16
§¬§å§ç§ß§ñ,³ø·¿,§±§à§ã§å§Õ§Ñ §Õ§Ý§ñ §é§Ñ§ñ §Ú §Ü§à§æ§Ö,²èºÍ¿§·ÈÆ÷Ãó,§±§à§Õ§ã§ä§Ñ§Ü§Ñ§ß§ß§Ú§Ü,±­ÍÐ,"§±§à§Õ§ã§ä§Ñ§Ü§Ñ§ß§ß§Ú§Ü §ã§à §ã§ä§Ñ§Ü§Ñ§ß§à§Þ ""§¬§à§Ý§î§é§å§Ô§Ú§ß§ã§Ü§Ú§Û §Þ§Ö§Ý§î§ç§Ú§à§â"" ""Z"" §ß§Ú§Ü§Ö§Ý§Ú§â§à§Ó§Ñ§ß§ß§í§Û §ã §é§Ö§â§ß§Ö§ß§Ú§Ö§Þ §ã §ï§Þ§Ñ§Ý§î§ð §Ó §á§à§Õ§Ñ§â§à§Ü §Þ§å§Ø§é§Ú§ß§Ö, §Ó§à§Ö§ß§ß§à§Þ§å",https://www.ozon.ru/product/590262231,§¯§Ö§ä,§¬§à§Ý§î§é§å§Ô§Ú§ß§ã§Ü§Ú§Û §Þ§Ö§Ý§î§ç§Ú§à§â,§¬§à§Ý§î§é§å§Ô§Ú§ß§ã§Ü§Ú§Û §Þ§Ö§Ý§î§ç§Ú§à§â,FBO,6160,3080,0.25,880,0.2857,18480,1,0.8125,595,33,0.001680672,0.03030303,2022/5/18
§¬§å§ç§ß§ñ,³ø·¿,§±§à§ã§å§Õ§Ñ §Õ§Ý§ñ §é§Ñ§ñ §Ú §Ü§à§æ§Ö,²èºÍ¿§·ÈÆ÷Ãó,§±§à§Õ§ã§ä§Ñ§Ü§Ñ§ß§ß§Ú§Ü,±­ÍÐ,"§±§à§Õ§ã§ä§Ñ§Ü§Ñ§ß§ß§Ú§Ü §¬§à§Ý§î§é§å§Ô§Ú§ß§ã§Ü§Ú§Û §Þ§Ö§Ý§î§ç§Ú§à§â ""§¤§µ§®"" §ß§Ú§Ü§Ö§Ý§Ú§â§à§Ó§Ñ§ß§ß§í§Û §ã §é§Ö§â§ß§î§ð §Ó §á§à§Õ§Ñ§â§à§Ü §Þ§å§Ø§é§Ú§ß§Ö,§Ø§Ö§ß§ë§Ú§ß§Ö,§Õ§â§å§Ù§î§ñ§Þ.",https://www.ozon.ru/product/221939315,§¯§Ö§ä,§¬§à§Ý§î§é§å§Ô§Ú§ß§ã§Ü§Ú§Û §Þ§Ö§Ý§î§ç§Ú§à§â,§¬§à§Ý§î§é§å§Ô§Ú§ß§ã§Ü§Ú§Û §Þ§Ö§Ý§î§ç§Ú§à§â,FBO,1759,1759,0.071428571,879.5,0.5,22867,1,2.708333333,84,3,0,0,2021/1/13
§¬§å§ç§ß§ñ,³ø·¿,§±§à§ã§å§Õ§Ñ §Õ§Ý§ñ §é§Ñ§ñ §Ú §Ü§à§æ§Ö,²èºÍ¿§·ÈÆ÷Ãó,§±§à§Õ§ã§ä§Ñ§Ü§Ñ§ß§ß§Ú§Ü,±­ÍÐ,§±§à§Õ§ã§ä§Ñ§Ü§Ñ§ß§ß§Ú§Ü §Ý§Ñ§ä§å§ß§ß§í§Û §ã§à §ã§ä§Ñ§Ü§Ñ§ß§à§Þ "§³§Ñ§ß§Ü§ä-§±§Ö§ä§Ö§â§Ò§å§â§Ô",https://www.ozon.ru/product/1408272339,§¯§Ö§ä,§¤§Ñ§Ý§Ö§â§Ö§ñ §±§à§Õ§Ñ§â§Ü§à§Ó,§¬§à§Ý§î§é§å§Ô§Ú§ß§ã§Ü§Ú§Û §Þ§Ö§Ý§î§ç§Ú§à§â,FBO,14934,2986.8,0.607142857,878.4706,0.2941,9663.1765,1,3.091666667,6031,256,0,0.046875,2024/1/29
§¬§å§ç§ß§ñ,³ø·¿,§±§à§ã§å§Õ§Ñ §Õ§Ý§ñ §é§Ñ§ñ §Ú §Ü§à§æ§Ö,²èºÍ¿§·ÈÆ÷Ãó,§±§à§Õ§ã§ä§Ñ§Ü§Ñ§ß§ß§Ú§Ü,±­ÍÐ,§±§à§Õ§ã§ä§Ñ§Ü§Ñ§ß§ß§Ú§Ü "§³§à§Ü§à§Ý§Ú§ß§í§Û §¤§Ý§Ñ§Ù",https://www.ozon.ru/product/245572101,§¯§Ö§ä,§©§­§¡§´§°§µ§³§´§°§£§³§¬§ª§« §°§²§µ§¨§¦§«§¯§½§« §©§¡§£§°§¥,§©§Ý§Ñ§ä§à§å§ã§ä§à§Ó§ã§Ü§Ú§Û §à§â§å§Ø§Ö§Û§ß§í§Û §Ù§Ñ§Ó§à§Õ,FBS,24545,24545,1,876.6071,0.0357,0,2,0,465,7,0,0,2021/3/25
§¬§å§ç§ß§ñ,³ø·¿,§±§à§ã§å§Õ§Ñ §Õ§Ý§ñ §é§Ñ§ñ §Ú §Ü§à§æ§Ö,²èºÍ¿§·ÈÆ÷Ãó,§±§à§Õ§ã§ä§Ñ§Ü§Ñ§ß§ß§Ú§Ü,±­ÍÐ,§±§à§Õ§ã§ä§Ñ§Ü§Ñ§ß§ß§Ú§Ü §á§à§Õ§Ñ§â§à§é§ß§í§Û §Ú§Ù §Ò§â§à§ß§Ù§í "§®§Ö§Õ§Ó§Ö§Õ§î" §ã§à §ã§ä§Ñ§Ü§Ñ§ß§à§Þ §Ú §Ý§à§Ø§Ü§à§Û §Ó §æ§å§ä§Ý§ñ§â§Ö (§ç§å§Õ§à§Ø§Ö§ã§ä§Ó§Ö§ß§ß§à§Ö §Ý§Ú§ä§î§Ö),https://www.ozon.ru/product/941282245,§¯§Ö§ä,§¤§Ñ§Ý§Ö§â§Ö§ñ §±§à§Õ§Ñ§â§Ü§à§Ó,§¡§²§´-§ã§ä§å§Õ§Ú§ñ §¬§Ý§Ñ§ã§ã§Ú§Ü,FBO,14863,14863,0.607142857,874.2941,0.0588,9617.2353,1,0.666666667,7798,225,0.000128238,0.017777778,2023/4/17
§¬§å§ç§ß§ñ,³ø·¿,§±§à§ã§å§Õ§Ñ §Õ§Ý§ñ §é§Ñ§ñ §Ú §Ü§à§æ§Ö,²èºÍ¿§·ÈÆ÷Ãó,§±§à§Õ§ã§ä§Ñ§Ü§Ñ§ß§ß§Ú§Ü,±­ÍÐ,§±§à§Õ§ã§ä§Ñ§Ü§Ñ§ß§ß§Ú§Ü "§¤§Ö§â§Ò §³§³§³§²" (§Ý§Ñ§ä§å§ß§î)§Ó §Ü§Ñ§â§ä§à§ß§ß§à§Þ §æ§å§ä§Ý§ñ§â§Ö §ã §é§Ñ§Û§ß§à§Û §Ý§à§Ø§Ü§à§Û,https://www.ozon.ru/product/798776810,§¯§Ö§ä,§°§ä§Õ§Ñ§Þ §á§à§Õ§Ñ§â§à§Ü 2.0,§°§ä§Õ§Ñ§Þ §á§à§Õ§Ñ§â§à§Ü,FBS,23425,3904.1667,0.964285714,867.5926,0.2222,867.5926,1,4.291666667,32917,1349,0.000303794,0.027427724,2022/11/21
§¬§å§ç§ß§ñ,³ø·¿,§±§à§ã§å§Õ§Ñ §Õ§Ý§ñ §é§Ñ§ñ §Ú §Ü§à§æ§Ö,²èºÍ¿§·ÈÆ÷Ãó,§±§à§Õ§ã§ä§Ñ§Ü§Ñ§ß§ß§Ú§Ü,±­ÍÐ,"§±§à§Õ§Ñ§â§à§é§ß§í§Û §ß§Ñ§Ò§à§â §á§à§Õ§ã§ä§Ñ§Ü§Ñ§ß§ß§Ú§Ü §ã§à §ã§ä§Ñ§Ü§Ñ§ß§à§Þ, §Ù§ß§Ñ§é§Ü§à§Þ §Ú §à§ä§Ü§â§í§ä§Ü§à§Û §¬§à§Ý§î§é§å§Ô§Ú§ß§ã§Ü§Ú§Û §Þ§Ö§Ý§î§ç§Ú§à§â ""§²§à§Ø§Õ§×§ß §Ó §³§³§³§²"" §ß§Ú§Ü§Ö§Ý§Ú§â§à§Ó§Ñ§ß§ß§í§Û §ã §é§Ö§â§ß§Ö§ß§Ú§Ö§Þ §Ó §á§à§Õ§Ñ§â§à§Ü §Þ§å§Ø§é§Ú§ß§Ö §Ú §Ø§Ö§ß§ë§Ú§ß§Ö",https://www.ozon.ru/product/231955952,§¯§Ö§ä,§¬§à§Ý§î§é§å§Ô§Ú§ß§ã§Ü§Ú§Û §Þ§Ö§Ý§î§ç§Ú§à§â,§¬§à§Ý§î§é§å§Ô§Ú§ß§ã§Ü§Ú§Û §Þ§Ö§Ý§î§ç§Ú§à§â,FBO,24107,2678.5556,1,860.9643,0.3214,0,5,2.355392157,25454,703,0.000510725,0.046941679,2021/2/20
§¬§å§ç§ß§ñ,³ø·¿,§±§à§ã§å§Õ§Ñ §Õ§Ý§ñ §é§Ñ§ñ §Ú §Ü§à§æ§Ö,²èºÍ¿§·ÈÆ÷Ãó,§±§à§Õ§ã§ä§Ñ§Ü§Ñ§ß§ß§Ú§Ü,±­ÍÐ,"§±§à§Õ§ã§ä§Ñ§Ü§Ñ§ß§ß§Ú§Ü §ã§à §ã§ä§Ñ§Ü§Ñ§ß§à§Þ §¬§à§Ý§î§é§å§Ô§Ú§ß§ã§Ü§Ú§Û §Þ§Ö§Ý§î§ç§Ú§à§â ""§º§ä§å§â§Ó§Ñ§Ý"" §ß§Ú§Ü§Ö§Ý§Ú§â§à§Ó§Ñ§ß§ß§í§Û §ã §é§Ö§â§ß§Ö§ß§Ú§Ö§Þ §Ó §á§à§Õ§Ñ§â§à§Ü §Þ§å§Ø§é§Ú§ß§Ö, §Õ§â§å§Ù§î§ñ§Þ, §Ü§à§Ý§Ý§Ö§Ô§Ö",https://www.ozon.ru/product/221138276,§¯§Ö§ä,§¬§à§Ý§î§é§å§Ô§Ú§ß§ã§Ü§Ú§Û §Þ§Ö§Ý§î§ç§Ú§à§â,§¬§à§Ý§î§é§å§Ô§Ú§ß§ã§Ü§Ú§Û §Þ§Ö§Ý§î§ç§Ú§à§â,FBO,22804,2533.7778,0.964285714,844.5926,0.3333,844.5926,5,3.24537037,13487,367,0.000444873,0.054495913,2021/1/11
§¬§å§ç§ß§ñ,³ø·¿,§±§à§ã§å§Õ§Ñ §Õ§Ý§ñ §é§Ñ§ñ §Ú §Ü§à§æ§Ö,²èºÍ¿§·ÈÆ÷Ãó,§±§à§Õ§ã§ä§Ñ§Ü§Ñ§ß§ß§Ú§Ü,±­ÍÐ,§±§à§Õ§ã§ä§Ñ§Ü§Ñ§ß§ß§Ú§Ü §±§Ñ§â§å§ã§ß§Ú§Ü (§Ý§Ñ§ä§å§ß§î),https://www.ozon.ru/product/215420128,§¯§Ö§ä,§¿§Ü§ã§Ü§Ý§ð§Ù§Ú§Ó-§®,§¿§Ü§ã§Ü§Ý§ð§Ù§Ú§Ó-§®,FBS,22663.6168,5665.9042,0.964285714,839.3932,0.1481,839.3932,1,7.09375,1896,239,0.001582278,0.058577406,2020/12/10
§¬§å§ç§ß§ñ,³ø·¿,§±§à§ã§å§Õ§Ñ §Õ§Ý§ñ §é§Ñ§ñ §Ú §Ü§à§æ§Ö,²èºÍ¿§·ÈÆ÷Ãó,§±§à§Õ§ã§ä§Ñ§Ü§Ñ§ß§ß§Ú§Ü,±­ÍÐ,§±§à§Õ§ã§ä§Ñ§Ü§Ñ§ß§ß§Ú§Ü "§¤§Ö§â§Ò §²§¶" (§ß§Ú§Ü§Ö§Ý§î) §ã §é§Ñ§Û§ß§à§Û §Ý§à§Ø§Ü§à§Û §Ú §Ô§â§Ñ§ß§Ö§ß§í§Þ §ã§ä§Ñ§Ü§Ñ§ß§à§Þ,https://www.ozon.ru/product/1158516929,§¯§Ö§ä,§°§ä§Õ§Ñ§Þ §á§à§Õ§Ñ§â§à§Ü 2.0,§°§ä§Õ§Ñ§Þ §á§à§Õ§Ñ§â§à§Ü,FBS,23486,2609.5556,1,838.7857,0.3214,0,1,4.810606061,16821,497,0.001070091,0.070422535,2023/8/28
§¬§å§ç§ß§ñ,³ø·¿,§±§à§ã§å§Õ§Ñ §Õ§Ý§ñ §é§Ñ§ñ §Ú §Ü§à§æ§Ö,²èºÍ¿§·ÈÆ÷Ãó,§±§à§Õ§ã§ä§Ñ§Ü§Ñ§ß§ß§Ú§Ü,±­ÍÐ,"§±§à§Õ§ã§ä§Ñ§Ü§Ñ§ß§ß§Ú§Ü §á§à§Õ§Ñ§â§à§é§ß§í§Û, §á§à§Ù§à§Ý§à§é§Ö§ß§ß§í§Û §À§¢§ª§­§¦§« 70 §­§¦§´ §Ó §æ§å§ä§Ý§ñ§â§Ö §ê§Ü§Ñ§ä§å§Ý§Ü§Ö, §ã§à §ã§ä§Ñ§Ü§Ñ§ß§à§Þ §Ú §Ý§à§Ø§Ü§à§Û (§á§à§Õ§Ñ§â§à§Ü §Þ§å§Ø§å, §á§Ñ§á§Ö, §Õ§Ö§Õ§å§ê§Ü§Ö §ß§Ñ §Õ§Ö§ß§î §â§à§Ø§Õ§Ö§ß§Ú§ñ, §ß§Ñ §ð§Ò§Ú§Ý§Ö§Û)",https://www.ozon.ru/product/759378671,§¯§Ö§ä,§³§´§¡§¬§¡§¯§½.§³§µ,,RFBS,23477,7825.6667,1,838.4643,0.1071,0,2,1.708333333,20168,385,0.000495835,0.025974026,2022/10/24
§¬§å§ç§ß§ñ,³ø·¿,§±§à§ã§å§Õ§Ñ §Õ§Ý§ñ §é§Ñ§ñ §Ú §Ü§à§æ§Ö,²èºÍ¿§·ÈÆ÷Ãó,§±§à§Õ§ã§ä§Ñ§Ü§Ñ§ß§ß§Ú§Ü,±­ÍÐ,§±§à§Õ§ã§ä§Ñ§Ü§Ñ§ß§ß§Ú§Ü "§¤§Ö§â§Ò §³§³§³§²" §ã §é§Ñ§Û§ß§à§Û §Ý§à§Ø§Ü§à§Û §Ó §Ü§Ñ§â§ä§à§ß§ß§à§Û §Ü§à§â§à§Ò§Ü§Ö,https://www.ozon.ru/product/505283089,§¯§Ö§ä,§ª§® "§°§ä§Õ§Ñ§Þ §á§à§Õ§Ñ§â§à§Ü",§°§ä§Õ§Ñ§Þ §á§à§Õ§Ñ§â§à§Ü,FBS,22204,2775.5,0.964285714,822.3704,0.2963,822.3704,1,4.424242424,18287,385,0.000109367,0.05974026,2022/2/22
§¬§å§ç§ß§ñ,³ø·¿,§±§à§ã§å§Õ§Ñ §Õ§Ý§ñ §é§Ñ§ñ §Ú §Ü§à§æ§Ö,²èºÍ¿§·ÈÆ÷Ãó,§±§à§Õ§ã§ä§Ñ§Ü§Ñ§ß§ß§Ú§Ü,±­ÍÐ,"§±§à§Õ§ã§ä§Ñ§Ü§Ñ§ß§ß§Ú§Ü §ã§à §ã§ä§Ñ§Ü§Ñ§ß§à§Þ §¬§à§Ý§î§é§å§Ô§Ú§ß§ã§Ü§Ú§Û §Þ§Ö§Ý§î§ç§Ú§à§â ""§³§ä§Ñ§Ý§Ú§ß"" §Ý§Ñ§ä§å§ß§ß§í§Û §Ó §á§à§Õ§Ñ§â§à§Ü §Þ§å§Ø§é§Ú§ß§Ö, §â§à§Õ§ã§ä§Ó§Ö§ß§ß§Ú§Ü§Ñ§Þ, §Õ§â§å§Ù§î§ñ§Þ",https://www.ozon.ru/product/221252774,§¯§Ö§ä,§¬§à§Ý§î§é§å§Ô§Ú§ß§ã§Ü§Ú§Û §Þ§Ö§Ý§î§ç§Ú§à§â,§¬§à§Ý§î§é§å§Ô§Ú§ß§ã§Ü§Ú§Û §Þ§Ö§Ý§î§ç§Ú§à§â,FBO,18877,2696.7143,0.821428571,820.7391,0.3043,4103.6957,3,2.923076923,7657,321,0.000783597,0.049844237,2021/1/12
§¬§å§ç§ß§ñ,³ø·¿,§±§à§ã§å§Õ§Ñ §Õ§Ý§ñ §é§Ñ§ñ §Ú §Ü§à§æ§Ö,²èºÍ¿§·ÈÆ÷Ãó,§±§à§Õ§ã§ä§Ñ§Ü§Ñ§ß§ß§Ú§Ü,±­ÍÐ,§±§à§Õ§ã§ä§Ñ§Ó§Ü§Ñ "§­§Ö§Õ",https://www.ozon.ru/product/1401731137,§¯§Ö§ä,Siberian Epoxy,,FBS,816,816,0.035714286,816,1,22032,1,8.458333333,14,2,0,0,2024/1/24
§¬§å§ç§ß§ñ,³ø·¿,§±§à§ã§å§Õ§Ñ §Õ§Ý§ñ §é§Ñ§ñ §Ú §Ü§à§æ§Ö,²èºÍ¿§·ÈÆ÷Ãó,§±§à§Õ§ã§ä§Ñ§Ü§Ñ§ß§ß§Ú§Ü,±­ÍÐ,"§±§à§Õ§Ñ§â§à§é§ß§í§Û §ß§Ñ§Ò§à§â §á§à§Õ§ã§ä§Ñ§Ü§Ñ§ß§ß§Ú§Ü §ã§à §ã§ä§Ñ§Ü§Ñ§ß§à§Þ §Ú §à§ä§Ü§â§í§ä§Ü§à§Û §¬§à§Ý§î§é§å§Ô§Ú§ß§ã§Ü§Ú§Û §Þ§Ö§Ý§î§ç§Ú§à§â ""§¤§Ý§Ñ§Ó§Ñ §ã§Ö§Þ§î§Ú"" §Ý§Ñ§ä§å§ß§ß§í§Û §Ó §á§à§Õ§Ñ§â§à§Ü §Þ§å§Ø§é§Ú§ß§Ö, §á§Ñ§á§Ö, §Õ§Ö§Õ§å§ê§Ü§Ö, §Þ§å§Ø§å",https://www.ozon.ru/product/224716440,§¯§Ö§ä,§¬§à§Ý§î§é§å§Ô§Ú§ß§ã§Ü§Ú§Û §Þ§Ö§Ý§î§ç§Ú§à§â,§¬§à§Ý§î§é§å§Ô§Ú§ß§ã§Ü§Ú§Û §Þ§Ö§Ý§î§ç§Ú§à§â,FBS,22814,2851.75,1,814.7857,0.2857,0,1,5.579861111,8875,418,0.000338028,0.050239234,2021/1/23
§¬§å§ç§ß§ñ,³ø·¿,§±§à§ã§å§Õ§Ñ §Õ§Ý§ñ §é§Ñ§ñ §Ú §Ü§à§æ§Ö,²èºÍ¿§·ÈÆ÷Ãó,§±§à§Õ§ã§ä§Ñ§Ü§Ñ§ß§ß§Ú§Ü,±­ÍÐ,"§µ§ß§Ú§Ó§Ö§â§ã§Ñ§Ý§î§ß§í§Û §á§à§Õ§ã§ä§Ñ§Ü§Ñ§ß§ß§Ú§Ü §Õ§Ý§ñ §ä§å§â§Ú§ã§ä§Ú§é§Ö§ã§Ü§à§Û §Þ§Ö§Ò§Ö§Ý§Ú/ §á§à§Õ§ã§ä§Ñ§Ü§Ñ§ß§ß§Ú§Ü §Õ§Ý§ñ §ê§Ö§Ù§Ý§à§ß§Ô§Ñ,§ã§ä§å§Ý§Ñ,§Ü§â§Ö§ã§Ý§Ñ",https://www.ozon.ru/product/1059304822,§¯§Ö§ä,§ª§± §¬§Ú§Þ §¡§Ý§Ö§Ü§ã§Ö§Û §­§Ö§à§ß§Ú§Õ§à§Ó§Ú§é,KIMsGROUP,FBO,22559.7332,347.0728,1,805.7048,2.3214,0,10,2.053763441,9188,679,0.00228559,0.128129602,2023/7/1
§¬§å§ç§ß§ñ,³ø·¿,§±§à§ã§å§Õ§Ñ §Õ§Ý§ñ §é§Ñ§ñ §Ú §Ü§à§æ§Ö,²èºÍ¿§·ÈÆ÷Ãó,§±§à§Õ§ã§ä§Ñ§Ü§Ñ§ß§ß§Ú§Ü,±­ÍÐ,§±§à§Õ§ã§ä§Ñ§Ü§Ñ§ß§ß§Ú§Ü "§¤§Ö§â§Ò §²§¶" (§Ý§Ñ§ä§å§ß§î) §ã §é§Ñ§Û§ß§à§Û §Ý§à§Ø§Ü§à§Û §Ú §Ô§â§Ñ§ß§Ö§ß§í§Þ §ã§ä§Ñ§Ü§Ñ§ß§à§Þ,https://www.ozon.ru/product/1158516963,§¯§Ö§ä,§°§ä§Õ§Ñ§Þ §á§à§Õ§Ñ§â§à§Ü 2.0,§°§ä§Õ§Ñ§Þ §á§à§Õ§Ñ§â§à§Ü,FBS,22339,2792.375,1,797.8214,0.2857,0,1,4.81712963,15425,549,0.001296596,0.051001821,2023/8/28
§¬§å§ç§ß§ñ,³ø·¿,§±§à§ã§å§Õ§Ñ §Õ§Ý§ñ §é§Ñ§ñ §Ú §Ü§à§æ§Ö,²èºÍ¿§·ÈÆ÷Ãó,§±§à§Õ§ã§ä§Ñ§Ü§Ñ§ß§ß§Ú§Ü,±­ÍÐ,§±§à§Õ§ã§ä§Ñ§Ü§Ñ§ß§ß§Ú§Ü §³§ä§â§à§Ú§ä§Ö§Ý§Ú (§Ý§Ñ§ä§å§ß§î),https://www.ozon.ru/product/217199832,§¯§Ö§ä,§¿§Ü§ã§Ü§Ý§ð§Ù§Ú§Ó-§®,§¿§Ü§ã§Ü§Ý§ð§Ù§Ú§Ó-§®,FBS,22230,5557.5,1,793.9286,0.1429,0,1,4.875,976,187,0.00307377,0.037433155,2020/12/15
§¬§å§ç§ß§ñ,³ø·¿,§±§à§ã§å§Õ§Ñ §Õ§Ý§ñ §é§Ñ§ñ §Ú §Ü§à§æ§Ö,²èºÍ¿§·ÈÆ÷Ãó,§±§à§Õ§ã§ä§Ñ§Ü§Ñ§ß§ß§Ú§Ü,±­ÍÐ,"§±§à§Õ§ã§ä§Ñ§Ü§Ñ§ß§ß§Ú§Ü §¬§à§Ý§î§é§å§Ô§Ú§ß§ã§Ü§Ú§Û §Þ§Ö§Ý§î§ç§Ú§à§â ""§¤§Ö§à§â§Ô§Ú§Û §±§à§Ò§Ö§Õ§à§ß§à§ã§Ö§è"" §ß§Ú§Ü§Ö§Ý§Ú§â§à§Ó§Ñ§ß§ß§í§Û §ã §é§Ö§â§ß§Ö§ß§Ú§Ö§Þ §Ó §á§à§Õ§Ñ§â§à§Ü §Þ§å§Ø§é§Ú§ß§Ö, §Õ§â§å§Ù§î§ñ§Þ §Ü§à§Ý§Ý§Ö§Ô§Ñ§Þ",https://www.ozon.ru/product/222388781,§¯§Ö§ä,§¬§à§Ý§î§é§å§Ô§Ú§ß§ã§Ü§Ú§Û §Þ§Ö§Ý§î§ç§Ú§à§â,§¬§à§Ý§î§é§å§Ô§Ú§ß§ã§Ü§Ú§Û §Þ§Ö§Ý§î§ç§Ú§à§â,FBO,14087,1760.875,0.642857143,782.6111,0.4444,7826.1111,4,3.697916667,2408,79,0.002076412,0.101265823,2021/1/14
§¬§å§ç§ß§ñ,³ø·¿,§±§à§ã§å§Õ§Ñ §Õ§Ý§ñ §é§Ñ§ñ §Ú §Ü§à§æ§Ö,²èºÍ¿§·ÈÆ÷Ãó,§±§à§Õ§ã§ä§Ñ§Ü§Ñ§ß§ß§Ú§Ü,±­ÍÐ,"§±§à§Õ§ã§ä§Ñ§Ü§Ñ§ß§ß§Ú§Ü §ã§à §ã§ä§Ñ§Ü§Ñ§ß§à§Þ §¬§à§Ý§î§é§å§Ô§Ú§ß§ã§Ü§Ú§Û §Þ§Ö§Ý§î§ç§Ú§à§â ""§®§à§ã§Ü§Ó§Ñ"" §Ý§Ñ§ä§å§ß§ß§í§Û §Ó §á§à§Õ§Ñ§â§à§Ü §Þ§å§Ø§é§Ú§ß§Ö,§Ø§Ö§ß§ë§Ú§ß§Ö,§â§à§Õ§ã§ä§Ó§Ö§ß§ß§Ú§Ü§Ñ§Þ, §Õ§â§å§Ù§î§ñ§Þ",https://www.ozon.ru/product/392257403,§¯§Ö§ä,§¬§à§Ý§î§é§å§Ô§Ú§ß§ã§Ü§Ú§Û §Þ§Ö§Ý§î§ç§Ú§à§â,§¬§à§Ý§î§é§å§Ô§Ú§ß§ã§Ü§Ú§Û §Þ§Ö§Ý§î§ç§Ú§à§â,FBO,21845,2730.625,1,780.1786,0.2857,0,2,1.543859649,13795,331,0.00057992,0.063444109,2021/11/18
§¬§å§ç§ß§ñ,³ø·¿,§±§à§ã§å§Õ§Ñ §Õ§Ý§ñ §é§Ñ§ñ §Ú §Ü§à§æ§Ö,²èºÍ¿§·ÈÆ÷Ãó,§±§à§Õ§ã§ä§Ñ§Ü§Ñ§ß§ß§Ú§Ü,±­ÍÐ,§±§à§Õ§ã§ä§Ñ§Ü§Ñ§ß§ß§Ú§Ü §¶§¬ "§³§á§Ñ§â§ä§Ñ§Ü-§®§à§ã§Ü§Ó§Ñ" §ã §é§Ñ§Û§ß§à§Û §Ý§à§Ø§Ü§à§Û §Ó §Ü§Ñ§â§ä§à§ß§ß§à§Û §Ü§à§â§à§Ò§Ü§Ö,https://www.ozon.ru/product/1158517141,§¯§Ö§ä,§°§ä§Õ§Ñ§Þ §á§à§Õ§Ñ§â§à§Ü 2.0,§°§ä§Õ§Ñ§Þ §á§à§Õ§Ñ§â§à§Ü,FBS,10114,3371.3333,0.464285714,778,0.2308,11670,1,2.847222222,4226,128,0.000473261,0.0859375,2023/8/28
§¬§å§ç§ß§ñ,³ø·¿,§±§à§ã§å§Õ§Ñ §Õ§Ý§ñ §é§Ñ§ñ §Ú §Ü§à§æ§Ö,²èºÍ¿§·ÈÆ÷Ãó,§±§à§Õ§ã§ä§Ñ§Ü§Ñ§ß§ß§Ú§Ü,±­ÍÐ,"§±§à§Õ§ã§ä§Ñ§Ü§Ñ§ß§ß§Ú§Ü §á§à§Õ§Ñ§â§à§é§ß§í§Û, §ß§Ú§Ü§Ö§Ý§Ú§â§à§Ó§Ñ§ß§ß§í§Û §À§¢§ª§­§¦§« 60 §­§¦§´ §Ó §æ§å§ä§Ý§ñ§â§Ö §ê§Ü§Ñ§ä§å§Ý§Ü§Ö, §ã§à §ã§ä§Ñ§Ü§Ñ§ß§à§Þ §Ú §Ý§à§Ø§Ü§à§Û (§á§à§Õ§Ñ§â§à§Ü §Þ§å§Ø§å, §á§Ñ§á§Ö, §Õ§Ö§Õ§å§ê§Ü§Ö §ß§Ñ §Õ§Ö§ß§î §â§à§Ø§Õ§Ö§ß§Ú§ñ, §ß§Ñ §ð§Ò§Ú§Ý§Ö§Û)",https://www.ozon.ru/product/569255687,§¯§Ö§ä,§³§´§¡§¬§¡§¯§½.§³§µ,,RFBS,21278,4255.6,1,759.9286,0.1786,0,2,1.023148148,9331,269,0.000643018,0.066914498,2022/4/26
§¬§å§ç§ß§ñ,³ø·¿,§±§à§ã§å§Õ§Ñ §Õ§Ý§ñ §é§Ñ§ñ §Ú §Ü§à§æ§Ö,²èºÍ¿§·ÈÆ÷Ãó,§±§à§Õ§ã§ä§Ñ§Ü§Ñ§ß§ß§Ú§Ü,±­ÍÐ,"§±§à§Õ§ã§ä§Ñ§Ü§Ñ§ß§ß§Ú§Ü §á§à§Õ§Ñ§â§à§é§ß§í§Û, §á§à§Ù§à§Ý§à§é§Ö§ß§ß§í§Û §À§¢§ª§­§¦§« 75 §­§¦§´ §Ó §æ§å§ä§Ý§ñ§â§Ö §ê§Ü§Ñ§ä§å§Ý§Ü§Ö, §ã§à §ã§ä§Ñ§Ü§Ñ§ß§à§Þ §Ú §Ý§à§Ø§Ü§à§Û (§á§à§Õ§Ñ§â§à§Ü §Þ§å§Ø§å, §á§Ñ§á§Ö, §Õ§Ö§Õ§å§ê§Ü§Ö §ß§Ñ §Õ§Ö§ß§î §â§à§Ø§Õ§Ö§ß§Ú§ñ, §ß§Ñ §ð§Ò§Ú§Ý§Ö§Û)",https://www.ozon.ru/product/759401277,§¯§Ö§ä,§³§´§¡§¬§¡§¯§½.§³§µ,,RFBS,21141,7047,1,755.0357,0.1071,0,2,0.375,841,102,0,0.049019608,2022/10/24
§¬§å§ç§ß§ñ,³ø·¿,§±§à§ã§å§Õ§Ñ §Õ§Ý§ñ §é§Ñ§ñ §Ú §Ü§à§æ§Ö,²èºÍ¿§·ÈÆ÷Ãó,§±§à§Õ§ã§ä§Ñ§Ü§Ñ§ß§ß§Ú§Ü,±­ÍÐ,§±§à§Õ§ã§ä§Ñ§Ü§Ñ§ß§ß§Ú§Ü §ã§à §ã§ä§Ñ§Ü§Ñ§ß§à§Þ §Ú §Ý§à§Ø§Ü§à§Û "§¤§Ý§Ñ§Ó§Ñ §ã§Ö§Þ§î§Ú" §Ó §æ§å§ä§Ý§ñ§â§Ö,https://www.ozon.ru/product/1257506603,§¯§Ö§ä,§¤§Ñ§Ý§Ö§â§Ö§ñ §±§à§Õ§Ñ§â§Ü§à§Ó,§¡§²§´-§ã§ä§å§Õ§Ú§ñ §¬§Ý§Ñ§ã§ã§Ú§Ü,FBO,21083,4216.6,1,752.9643,0.1786,0,5,4.141666667,8734,464,0.000801466,0.045258621,2023/10/24
§¬§å§ç§ß§ñ,³ø·¿,§±§à§ã§å§Õ§Ñ §Õ§Ý§ñ §é§Ñ§ñ §Ú §Ü§à§æ§Ö,²èºÍ¿§·ÈÆ÷Ãó,§±§à§Õ§ã§ä§Ñ§Ü§Ñ§ß§ß§Ú§Ü,±­ÍÐ,§±§à§Õ§ã§ä§Ñ§Ü§Ñ§ß§ß§Ú§Ü §¬§à§Ý§î§é§å§Ô§Ú§ß§ã§Ü§Ú§Û §Þ§Ö§Ý§î§ç§Ú§à§â "§³§³§³§²-15 §²§Ö§ã§á§å§Ò§Ý§Ú§Ü" §Þ§Ö§Õ§ß§í§Û §Ó §á§à§Õ§Ñ§â§à§Ü,https://www.ozon.ru/product/1315637521,§¯§Ö§ä,§¬§à§Ý§î§é§å§Ô§Ú§ß§ã§Ü§Ú§Û §Þ§Ö§Ý§î§ç§Ú§à§â,§¬§à§Ý§î§é§å§Ô§Ú§ß§ã§Ü§Ú§Û §Þ§Ö§Ý§î§ç§Ú§à§â,FBS,5230,2615,0.25,747.1429,0.2857,15690,1,6.25,1391,205,0.001437815,0.043902439,2023/11/29
§¬§å§ç§ß§ñ,³ø·¿,§±§à§ã§å§Õ§Ñ §Õ§Ý§ñ §é§Ñ§ñ §Ú §Ü§à§æ§Ö,²èºÍ¿§·ÈÆ÷Ãó,§±§à§Õ§ã§ä§Ñ§Ü§Ñ§ß§ß§Ú§Ü,±­ÍÐ,"§±§à§Õ§ã§ä§Ñ§Ü§Ñ§ß§ß§Ú§Ü §ã§à §ã§ä§Ñ§Ü§Ñ§ß§à§Þ §¬§à§Ý§î§é§å§Ô§Ú§ß§ã§Ü§Ú§Û §Þ§Ö§Ý§î§ç§Ú§à§â ""§­§Ö§ß§Ú§ß§Ô§â§Ñ§Õ§ã§Ü§Ú§Û §Ó§à§Ü§Ù§Ñ§Ý"" §ß§Ú§Ü§Ö§Ý§Ú§â§à§Ó§Ñ§ß§ß§í§Û §ã §é§Ö§â§ß§Ö§ß§Ú§Ö§Þ §Ó §á§à§Õ§Ñ§â§à§Ü §Þ§å§Ø§é§Ú§ß§Ö §Ú §Ø§Ö§ß§ë§Ú§ß§Ö, §Õ§â§å§Ù§î§ñ§Þ, §Ü§à§Ý§Ý§Ö§Ô§Ñ§Þ, §â§à§Õ§ã§ä§Ó§Ö§ß§ß§Ú§Ü§Ñ§Þ",https://www.ozon.ru/product/241756084,§¯§Ö§ä,§¬§à§Ý§î§é§å§Ô§Ú§ß§ã§Ü§Ú§Û §Þ§Ö§Ý§î§ç§Ú§à§â,§¬§à§Ý§î§é§å§Ô§Ú§ß§ã§Ü§Ú§Û §Þ§Ö§Ý§î§ç§Ú§à§â,FBO,12620,2524,0.607142857,742.3529,0.2941,8165.8824,1,0.675,2820,154,0,0.051948052,2021/3/16
§¬§å§ç§ß§ñ,³ø·¿,§±§à§ã§å§Õ§Ñ §Õ§Ý§ñ §é§Ñ§ñ §Ú §Ü§à§æ§Ö,²èºÍ¿§·ÈÆ÷Ãó,§±§à§Õ§ã§ä§Ñ§Ü§Ñ§ß§ß§Ú§Ü,±­ÍÐ,§±§à§Õ§ã§ä§Ñ§Ü§Ñ§ß§ß§Ú§Ü "§­§Ö§Ó §¸§Ñ§â§ã§Ü§Ú§Û" (§Ò§â§à§ß§Ù§Ñ) §Ó §Õ§Ö§â§Ö§Ó§ñ§ß§ß§à§Þ §æ§å§ä§Ý§ñ§â§Ö,https://www.ozon.ru/product/631798919,§¯§Ö§ä,§ª§® "§°§ä§Õ§Ñ§Þ §á§à§Õ§Ñ§â§à§Ü",§°§ä§Õ§Ñ§Þ §á§à§Õ§Ñ§â§à§Ü,FBS,16303,8151.5,0.785714286,741.0455,0.0909,4446.2727,1,4.625,695,49,0.001438849,0.06122449,2022/7/1
§¬§å§ç§ß§ñ,³ø·¿,§±§à§ã§å§Õ§Ñ §Õ§Ý§ñ §é§Ñ§ñ §Ú §Ü§à§æ§Ö,²èºÍ¿§·ÈÆ÷Ãó,§±§à§Õ§ã§ä§Ñ§Ü§Ñ§ß§ß§Ú§Ü,±­ÍÐ,"§±§à§Õ§ã§ä§Ñ§Ü§Ñ§ß§ß§Ú§Ü §¬§à§Ý§î§é§å§Ô§Ú§ß§ã§Ü§Ú§Û §Þ§Ö§Ý§î§ç§Ú§à§â ""§°§ç§à§ä§ß§Ú§Ü§Ú"" §ß§Ú§Ü§Ö§Ý§Ú§â§à§Ó§Ñ§ß§ß§í§Û §ã §é§Ö§â§ß§Ö§ß§Ú§Ö§Þ §Ó §á§à§Õ§Ñ§â§à§Ü §Þ§å§Ø§é§Ú§ß§Ö, §Õ§â§å§Ù§î§ñ§Þ,§Ü§à§Ý§Ý§Ö§Ô§Ö",https://www.ozon.ru/product/222377201,§¯§Ö§ä,§¬§à§Ý§î§é§å§Ô§Ú§ß§ã§Ü§Ú§Û §Þ§Ö§Ý§î§ç§Ú§à§â,§¬§à§Ý§î§é§å§Ô§Ú§ß§ã§Ü§Ú§Û §Þ§Ö§Ý§î§ç§Ú§à§â,FBS,17678,1767.8,0.857142857,736.5833,0.4167,2946.3333,1,6.597222222,6308,342,0.000158529,0.055555556,2021/1/14
§¬§å§ç§ß§ñ,³ø·¿,§±§à§ã§å§Õ§Ñ §Õ§Ý§ñ §é§Ñ§ñ §Ú §Ü§à§æ§Ö,²èºÍ¿§·ÈÆ÷Ãó,§±§à§Õ§ã§ä§Ñ§Ü§Ñ§ß§ß§Ú§Ü,±­ÍÐ,§±§à§Õ§ã§ä§Ñ§Ü§Ñ§ß§ß§Ú§Ü "§®§Ö§Õ§Ó§Ö§Õ§î",https://www.ozon.ru/product/1124835764,§¯§Ö§ä,§¬§Ñ§Ù§Ñ§Ü§à§Ó§à52,,RFBS,19085,6361.6667,0.928571429,734.0385,0.1154,1468.0769,1,4.5,2780,309,0.001079137,0.064724919,2023/8/8
§¬§å§ç§ß§ñ,³ø·¿,§±§à§ã§å§Õ§Ñ §Õ§Ý§ñ §é§Ñ§ñ §Ú §Ü§à§æ§Ö,²èºÍ¿§·ÈÆ÷Ãó,§±§à§Õ§ã§ä§Ñ§Ü§Ñ§ß§ß§Ú§Ü,±­ÍÐ,"§±§à§Õ§ã§ä§Ñ§Ü§Ñ§ß§ß§Ú§Ü §á§à§Õ§Ñ§â§à§é§ß§í§Û, §á§à§Ù§à§Ý§à§é§Ö§ß§ß§í§Û §À§¢§ª§­§¦§« 80 §­§¦§´ §Ó §æ§å§ä§Ý§ñ§â§Ö §ê§Ü§Ñ§ä§å§Ý§Ü§Ö, §ã§à §ã§ä§Ñ§Ü§Ñ§ß§à§Þ §Ú §Ý§à§Ø§Ü§à§Û (§á§à§Õ§Ñ§â§à§Ü §Þ§å§Ø§å, §á§Ñ§á§Ö, §Õ§Ö§Õ§å§ê§Ü§Ö §ß§Ñ §Õ§Ö§ß§î §â§à§Ø§Õ§Ö§ß§Ú§ñ, §ß§Ñ §ð§Ò§Ú§Ý§Ö§Û)",https://www.ozon.ru/product/759419645,§¯§Ö§ä,§³§´§¡§¬§¡§¯§½.§³§µ,,RFBS,20338,6779.3333,1,726.3571,0.1071,0,2,1.241666667,12237,154,0,0.025974026,2022/10/24
§¬§å§ç§ß§ñ,³ø·¿,§±§à§ã§å§Õ§Ñ §Õ§Ý§ñ §é§Ñ§ñ §Ú §Ü§à§æ§Ö,²èºÍ¿§·ÈÆ÷Ãó,§±§à§Õ§ã§ä§Ñ§Ü§Ñ§ß§ß§Ú§Ü,±­ÍÐ,"§±§à§Õ§ã§ä§Ñ§Ü§Ñ§ß§ß§Ú§Ü §á§à§Õ§Ñ§â§à§é§ß§í§Û, §ß§Ú§Ü§Ö§Ý§Ú§â§à§Ó§Ñ§ß§ß§í§Û §À§¢§ª§­§¦§« 50 §­§¦§´ §Ó §æ§å§ä§Ý§ñ§â§Ö §ê§Ü§Ñ§ä§å§Ý§Ü§Ö, §ã§à §ã§ä§Ñ§Ü§Ñ§ß§à§Þ §Ú §Ý§à§Ø§Ü§à§Û (§á§à§Õ§Ñ§â§à§Ü §Þ§å§Ø§å, §á§Ñ§á§Ö, §Õ§Ö§Õ§å§ê§Ü§Ö §ß§Ñ §Õ§Ö§ß§î §â§à§Ø§Õ§Ö§ß§Ú§ñ §Ú §ß§Ñ §ð§Ò§Ú§Ý§Ö§Û)",https://www.ozon.ru/product/563272948,§¯§Ö§ä,§³§´§¡§¬§¡§¯§½.§³§µ,,RFBS,20293,4058.6,1,724.75,0.1786,0,2,2.829545455,9931,518,0.000604169,0.05019305,2022/4/21
§¬§å§ç§ß§ñ,³ø·¿,§±§à§ã§å§Õ§Ñ §Õ§Ý§ñ §é§Ñ§ñ §Ú §Ü§à§æ§Ö,²èºÍ¿§·ÈÆ÷Ãó,§±§à§Õ§ã§ä§Ñ§Ü§Ñ§ß§ß§Ú§Ü,±­ÍÐ,§¯§Ú§Ü§Ö§Ý§Ú§â§à§Ó§Ñ§ß§ß§í§Û §á§à§Õ§ã§ä§Ñ§Ü§Ñ§ß§ß§Ú§Ü "§¤§Ö§â§Ò §³§³§³§²" (§¬§à§Ý§î§é§å§Ô§Ú§ß§à),https://www.ozon.ru/product/467078630,§¯§Ö§ä,Premium Plus,§¬§à§Ý§î§é§å§Ô§Ú§ß§ã§Ü§Ú§Û §Þ§Ö§Ý§î§ç§Ú§à§â,FBO,20093,1674.4167,1,717.6071,0.4286,0,7,1.414772727,10302,463,0.001456028,0.075593952,2022/1/14
§¬§å§ç§ß§ñ,³ø·¿,§±§à§ã§å§Õ§Ñ §Õ§Ý§ñ §é§Ñ§ñ §Ú §Ü§à§æ§Ö,²èºÍ¿§·ÈÆ÷Ãó,§±§à§Õ§ã§ä§Ñ§Ü§Ñ§ß§ß§Ú§Ü,±­ÍÐ,"§±§à§Õ§ã§ä§Ñ§Ü§Ñ§ß§ß§Ú§Ü §á§à§Õ§Ñ§â§à§é§ß§í§Û, §ß§Ú§Ü§Ö§Ý§Ú§â§à§Ó§Ñ§ß§ß§í§Û §À§¢§ª§­§¦§« 75 §­§¦§´ §Ó §æ§å§ä§Ý§ñ§â§Ö §ê§Ü§Ñ§ä§å§Ý§Ü§Ö, §ã§à §ã§ä§Ñ§Ü§Ñ§ß§à§Þ §Ú §Ý§à§Ø§Ü§à§Û (§á§à§Õ§Ñ§â§à§Ü §Þ§å§Ø§å, §á§Ñ§á§Ö, §Õ§Ö§Õ§å§ê§Ü§Ö §ß§Ñ §Õ§Ö§ß§î §â§à§Ø§Õ§Ö§ß§Ú§ñ, §ß§Ñ §ð§Ò§Ú§Ý§Ö§Û)",https://www.ozon.ru/product/571279600,§¯§Ö§ä,§³§´§¡§¬§¡§¯§½.§³§µ,,RFBS,20056,4011.2,1,716.2857,0.1786,0,2,1.525,8800,191,0.000909091,0.083769634,2022/4/28
§¬§å§ç§ß§ñ,³ø·¿,§±§à§ã§å§Õ§Ñ §Õ§Ý§ñ §é§Ñ§ñ §Ú §Ü§à§æ§Ö,²èºÍ¿§·ÈÆ÷Ãó,§±§à§Õ§ã§ä§Ñ§Ü§Ñ§ß§ß§Ú§Ü,±­ÍÐ,§±§à§Õ§ã§ä§Ñ§Ü§Ñ§ß§ß§Ú§Ü "§¯§Ö§æ§ä§î §Ú §Ô§Ñ§Ù" §Ó §á§à§Õ§Ñ§â§à§é§ß§à§Û §Ü§à§â§à§Ò§Ü§Ö §è§Ó§Ö§ä§ß§Ñ§ñ §Ý§Ñ§Ù§Ö§â§ß§Ñ§ñ §Ô§â§Ñ§Ó§Ú§â§à§Ó§Ü§Ñ,https://www.ozon.ru/product/194254754,§¯§Ö§ä,§®§Ñ§ã§ä§Ö§â §á§à§Õ§Ñ§â§Ü§à§Ó,§®§Ñ§ã§ä§Ö§â §á§à§Õ§Ñ§â§Ü§à§Ó,FBS,14851,3712.75,0.75,707.1905,0.1905,4950.3333,1,3.158333333,493,20,0,0.15,2020/9/17
§¬§å§ç§ß§ñ,³ø·¿,§±§à§ã§å§Õ§Ñ §Õ§Ý§ñ §é§Ñ§ñ §Ú §Ü§à§æ§Ö,²èºÍ¿§·ÈÆ÷Ãó,§±§à§Õ§ã§ä§Ñ§Ü§Ñ§ß§ß§Ú§Ü,±­ÍÐ,"§±§à§Õ§ã§ä§Ñ§Ü§Ñ§ß§ß§Ú§Ü §¬§à§Ý§î§é§å§Ô§Ú§ß§ã§Ü§Ú§Û §Þ§Ö§Ý§î§ç§Ú§à§â ""§°§ä§Ö§é§Ö§ã§ä§Ó§à, §Õ§à§Ý§Ô, §é§Ö§ã§ä§î"" §ß§Ú§Ü§Ö§Ý§Ú§â§à§Ó§Ñ§ß§ß§í§Û §ã §é§Ö§â§ß§î§ð §Ó §á§à§Õ§Ñ§â§à§Ü §Þ§å§Ø§é§Ú§ß§Ö, §â§å§Ü§à§Ó§à§Õ§Ú§ä§Ö§Ý§ð, §Ü§à§Ý§Ý§Ö§Ô§Ö.",https://www.ozon.ru/product/222366749,§¯§Ö§ä,§¬§à§Ý§î§é§å§Ô§Ú§ß§ã§Ü§Ú§Û §Þ§Ö§Ý§î§ç§Ú§à§â,§¬§à§Ý§î§é§å§Ô§Ú§ß§ã§Ü§Ú§Û §Þ§Ö§Ý§î§ç§Ú§à§â,FBO,19752,1795.6364,1,705.4286,0.3929,0,3,1.856060606,11603,384,0.000344738,0.075520833,2021/1/14
§¬§å§ç§ß§ñ,³ø·¿,§±§à§ã§å§Õ§Ñ §Õ§Ý§ñ §é§Ñ§ñ §Ú §Ü§à§æ§Ö,²èºÍ¿§·ÈÆ÷Ãó,§±§à§Õ§ã§ä§Ñ§Ü§Ñ§ß§ß§Ú§Ü,±­ÍÐ,§±§à§Õ§ã§ä§Ñ§Ü§Ñ§ß§ß§Ú§Ü §á§à§Õ§Ñ§â§à§é§ß§í§Û §Ý§Ñ§ä§å§ß§ß§í§Û §³§ä§Ñ§Ý§Ú§ß,https://www.ozon.ru/product/519078236,§¯§Ö§ä,§®§à§Ú §á§à§Õ§Ñ§â§Ü§Ú,,FBS,7017,2339,0.357142857,701.7,0.3,12630.6,2,1.833333333,909,28,0,0.107142857,2022/3/9
§¬§å§ç§ß§ñ,³ø·¿,§±§à§ã§å§Õ§Ñ §Õ§Ý§ñ §é§Ñ§ñ §Ú §Ü§à§æ§Ö,²èºÍ¿§·ÈÆ÷Ãó,§±§à§Õ§ã§ä§Ñ§Ü§Ñ§ß§ß§Ú§Ü,±­ÍÐ,"§±§à§Õ§ã§ä§Ñ§Ü§Ñ§ß§ß§Ú§Ü §ã§à §ã§ä§Ñ§Ü§Ñ§ß§à§Þ §¬§à§Ý§î§é§å§Ô§Ú§ß§ã§Ü§Ú§Û §Þ§Ö§Ý§î§ç§Ú§à§â ""§®§£§¥"" §ß§Ú§Ü§Ö§Ý§Ú§â§à§Ó§Ñ§ß§ß§í§Û §ã §é§Ö§â§ß§Ö§ß§Ú§Ö§Þ §Ó §á§à§Õ§Ñ§â§à§Ü §Þ§å§Ø§é§Ú§ß§Ö §Ú §Ø§Ö§ß§ë§Ú§ß§Ö, §Ü§à§Ý§Ý§Ö§Ô§Ö, §Õ§â§å§Ô§å,§á§à§Ý§Ú§è§Ö§Û§ã§Ü§à§Þ§å",https://www.ozon.ru/product/221128807,§¯§Ö§ä,§¬§à§Ý§î§é§å§Ô§Ú§ß§ã§Ü§Ú§Û §Þ§Ö§Ý§î§ç§Ú§à§â,§¬§à§Ý§î§é§å§Ô§Ú§ß§ã§Ü§Ú§Û §Þ§Ö§Ý§î§ç§Ú§à§â,FBO,19557,2444.625,1,698.4643,0.2857,0,9,1.706018519,8346,241,0.000838725,0.058091286,2021/1/11
§¬§å§ç§ß§ñ,³ø·¿,§±§à§ã§å§Õ§Ñ §Õ§Ý§ñ §é§Ñ§ñ §Ú §Ü§à§æ§Ö,²èºÍ¿§·ÈÆ÷Ãó,§±§à§Õ§ã§ä§Ñ§Ü§Ñ§ß§ß§Ú§Ü,±­ÍÐ,§±§à§Õ§ã§ä§Ñ§Ü§Ñ§ß§ß§Ú§Ü §Ý§Ñ§ä§å§ß§ß§í§Û §­§Ö§ß§Ú§ß§Ô§â§Ñ§Õ§ã§Ü§Ú§Û §Ó§à§Ü§Ù§Ñ§Ý (13144),https://www.ozon.ru/product/1408265034,§¯§Ö§ä,§®§à§Ú §á§à§Õ§Ñ§â§Ü§Ú,,FBS,2085,2085,0.107142857,695,0.3333,17375,2,2.166666667,262,23,0.003816794,0.086956522,2024/1/29
§¬§å§ç§ß§ñ,³ø·¿,§±§à§ã§å§Õ§Ñ §Õ§Ý§ñ §é§Ñ§ñ §Ú §Ü§à§æ§Ö,²èºÍ¿§·ÈÆ÷Ãó,§±§à§Õ§ã§ä§Ñ§Ü§Ñ§ß§ß§Ú§Ü,±­ÍÐ,"§±§à§Õ§Ñ§â§à§é§ß§í§Û §ß§Ñ§Ò§à§â §Õ§Ý§ñ §é§Ñ§ñ §±§à§Õ§ã§ä§Ñ§Ü§Ñ§ß§ß§Ú§Ü §ß§Ñ §À§Ò§Ú§Ý§Ö§Û 60 §Ý§Ö§ä §ã§à §ã§ä§Ñ§Ü§Ñ§ß§à§Þ §Ú §Ý§à§Ø§Ü§à§Û, §â§å§é§ß§Ñ§ñ §â§Ñ§Ò§à§ä§Ñ, §ç§å§Õ§à§Ø§Ö§ã§ä§Ó§Ö§ß§ß§à§Ö §Ý§Ú§ä§î§Ö, §á§à§Õ§Ñ§â§à§Ü §ß§Ñ §Õ§Ö§ß§î §â§à§Ø§Õ§Ö§ß§Ú§ñ, §ð§Ò§Ú§Ý§Ö§Û, §Ô§à§Õ§à§Ó§ë§Ú§ß§å",https://www.ozon.ru/product/767636372,§¯§Ö§ä,§¤§à§â§à§Õ §±§à§Õ§Ñ§â§Ü§à§Ó,§¤§à§â§à§Õ §±§à§Õ§Ñ§â§Ü§à§Ó,FBO,14570,7285,0.75,693.8095,0.0952,4856.6667,1,2.0625,9971,388,0.000300873,0.038659794,2022/10/30
§¬§å§ç§ß§ñ,³ø·¿,§±§à§ã§å§Õ§Ñ §Õ§Ý§ñ §é§Ñ§ñ §Ú §Ü§à§æ§Ö,²èºÍ¿§·ÈÆ÷Ãó,§±§à§Õ§ã§ä§Ñ§Ü§Ñ§ß§ß§Ú§Ü,±­ÍÐ,§±§à§Õ§ã§ä§Ñ§Ü§Ñ§ß§ß§Ú§Ü §Ú§Ù §ß§Ú§Ü§Ö§Ý§Ú§â§à§Ó§Ñ§ß§ß§à§Û §Ý§Ñ§ä§å§ß§Ú §ã§à §ã§ä§Ñ§Ü§Ñ§ß§à§Þ §Ú §Ý§à§Ø§Ü§à§Û "§³§³§³§²" §Ó §æ§å§ä§Ý§ñ§â§Ö,https://www.ozon.ru/product/1187884544,§¯§Ö§ä,§¤§Ñ§Ý§Ö§â§Ö§ñ §±§à§Õ§Ñ§â§Ü§à§Ó,§¬§à§Ý§î§é§å§Ô§Ú§ß§ã§Ü§Ú§Û §Þ§Ö§Ý§î§ç§Ú§à§â,FBO,4681,4681,0.25,668.7143,0.1429,14043,1,2.375,5903,233,0.000169405,0.030042918,2023/9/12
§¬§å§ç§ß§ñ,³ø·¿,§±§à§ã§å§Õ§Ñ §Õ§Ý§ñ §é§Ñ§ñ §Ú §Ü§à§æ§Ö,²èºÍ¿§·ÈÆ÷Ãó,§±§à§Õ§ã§ä§Ñ§Ü§Ñ§ß§ß§Ú§Ü,±­ÍÐ,"§±§à§Õ§ã§ä§Ñ§Ü§Ñ§ß§ß§Ú§Ü ""§¤§Ö§à§â§Ô§Ú§Û §±§à§Ò§Ö§Õ§à§ß§à§ã§Ö§è"", §ã§ä§Ñ§Ü§Ñ§ß 6,1 §ã§Þ, §ß§Ú§Ü§Ö§Ý§Ú§â§à§Ó§Ñ§ß§ß§í§Û, §ã §é§Ö§â§ß§Ö§ß§Ú§Ö§Þ",https://www.ozon.ru/product/808895593,§¯§Ö§ä,Premium Plus,§¬§à§Ý§î§é§å§Ô§Ú§ß§ã§Ü§Ú§Û §Þ§Ö§Ý§î§ç§Ú§à§â,FBS,9343,1868.6,0.5,667.3571,0.3571,9343,1,4.795454545,5973,324,0.00066968,0.052469136,2022/12/2
§¬§å§ç§ß§ñ,³ø·¿,§±§à§ã§å§Õ§Ñ §Õ§Ý§ñ §é§Ñ§ñ §Ú §Ü§à§æ§Ö,²èºÍ¿§·ÈÆ÷Ãó,§±§à§Õ§ã§ä§Ñ§Ü§Ñ§ß§ß§Ú§Ü,±­ÍÐ,"§±§à§Õ§ã§ä§Ñ§Ü§Ñ§ß§ß§Ú§Ü §¬§à§Ý§î§é§å§Ô§Ú§ß§ã§Ü§Ú§Û §Þ§Ö§Ý§î§ç§Ú§à§â ""§¤§Ö§â§Ò §²§¶"" §Ý§Ñ§ä§å§ß§ß§í§Û §Ó §á§à§Õ§Ñ§â§à§Ü §Þ§å§Ø§é§Ú§ß§Ö, §â§å§Ü§à§Ó§à§Õ§Ú§ä§Ö§Ý§ð ,§Ü§à§Ý§Ý§Ö§Ô§Ö.",https://www.ozon.ru/product/221253573,§¯§Ö§ä,§¬§à§Ý§î§é§å§Ô§Ú§ß§ã§Ü§Ú§Û §Þ§Ö§Ý§î§ç§Ú§à§â,§¬§à§Ý§î§é§å§Ô§Ú§ß§ã§Ü§Ú§Û §Þ§Ö§Ý§î§ç§Ú§à§â,FBO,18650,2072.2222,1,666.0714,0.3214,0,13,1.034090909,18668,430,0.000803514,0.062790698,2021/1/12
§¬§å§ç§ß§ñ,³ø·¿,§±§à§ã§å§Õ§Ñ §Õ§Ý§ñ §é§Ñ§ñ §Ú §Ü§à§æ§Ö,²èºÍ¿§·ÈÆ÷Ãó,§±§à§Õ§ã§ä§Ñ§Ü§Ñ§ß§ß§Ú§Ü,±­ÍÐ,§±§à§Õ§ã§ä§Ñ§Ü§Ñ§ß§ß§Ú§Ü §¶§¬ "§³§á§Ñ§â§ä§Ñ§Ü-§®§à§ã§Ü§Ó§Ñ" §ã §Ô§â§Ñ§ß§Ö§ß§í§Þ §ã§ä§Ñ§Ü§Ñ§ß§à§Þ §Ó §Ü§Ñ§â§ä§à§ß§ß§à§Û §Ü§à§â§à§Ò§Ü§Ö,https://www.ozon.ru/product/1263234047,§¯§Ö§ä,§°§ä§Õ§Ñ§Þ §á§à§Õ§Ñ§â§à§Ü 2.0,§°§ä§Õ§Ñ§Þ §á§à§Õ§Ñ§â§à§Ü,FBS,9300,3100,0.5,664.2857,0.2143,9300,1,3.43452381,1939,100,0.003094379,0.08,2023/10/27
§¬§å§ç§ß§ñ,³ø·¿,§±§à§ã§å§Õ§Ñ §Õ§Ý§ñ §é§Ñ§ñ §Ú §Ü§à§æ§Ö,²èºÍ¿§·ÈÆ÷Ãó,§±§à§Õ§ã§ä§Ñ§Ü§Ñ§ß§ß§Ú§Ü,±­ÍÐ,§á§à§Õ§ã§ä§Ñ§Ü§Ñ§ß§ß§Ú§Ü §¬§à§â§à§Ý§Ö§Ó§ã§Ü§Ú§Û §­§Ö§Ó,https://www.ozon.ru/product/1144345381,§¯§Ö§ä,Podarki For Men,,FBS,8600,8600,0.464285714,661.5385,0.0769,9923.0769,1,4,410,88,0.002439024,0.022727273,2023/8/20
§¬§å§ç§ß§ñ,³ø·¿,§±§à§ã§å§Õ§Ñ §Õ§Ý§ñ §é§Ñ§ñ §Ú §Ü§à§æ§Ö,²èºÍ¿§·ÈÆ÷Ãó,§±§à§Õ§ã§ä§Ñ§Ü§Ñ§ß§ß§Ú§Ü,±­ÍÐ,§±§à§Õ§ã§ä§Ñ§Ü§Ñ§ß§ß§Ú§Ü "§³§ä§Ñ§Ý§Ú§ß" §Ó §á§à§Õ§Ñ§â§à§é§ß§à§Û §Ü§à§â§à§Ò§Ü§Ö §è§Ó§Ö§ä§ß§Ñ§ñ §Ý§Ñ§Ù§Ö§â§ß§Ñ§ñ §Ô§â§Ñ§Ó§Ú§â§à§Ó§Ü§Ñ,https://www.ozon.ru/product/515201296,§¯§Ö§ä,§®§Ñ§ã§ä§Ö§â §á§à§Õ§Ñ§â§Ü§à§Ó,§®§Ñ§ã§ä§Ö§â §á§à§Õ§Ñ§â§Ü§à§Ó,FBS,18272,3654.4,1,652.5714,0.1786,0,1,6.595833333,1632,125,0.000612745,0.088,2022/3/5
§¬§å§ç§ß§ñ,³ø·¿,§±§à§ã§å§Õ§Ñ §Õ§Ý§ñ §é§Ñ§ñ §Ú §Ü§à§æ§Ö,²èºÍ¿§·ÈÆ÷Ãó,§±§à§Õ§ã§ä§Ñ§Ü§Ñ§ß§ß§Ú§Ü,±­ÍÐ,§±§à§Õ§ã§ä§Ñ§Ü§Ñ§ß§ß§Ú§Ü §á§à§Õ§Ñ§â§à§é§ß§í§Û §ß§Ú§Ü§Ö§Ý§Ú§â§à§Ó§Ñ§ß§ß§í§Û §³§Ñ§á§ã§Ñ§ß,https://www.ozon.ru/product/514750633,§¯§Ö§ä,§®§à§Ú §á§à§Õ§Ñ§â§Ü§Ú,,FBS,1950,1950,0.107142857,650,0.3333,16250,2,4.166666667,326,19,0.006134969,0,2022/3/4
§¬§å§ç§ß§ñ,³ø·¿,§±§à§ã§å§Õ§Ñ §Õ§Ý§ñ §é§Ñ§ñ §Ú §Ü§à§æ§Ö,²èºÍ¿§·ÈÆ÷Ãó,§±§à§Õ§ã§ä§Ñ§Ü§Ñ§ß§ß§Ú§Ü,±­ÍÐ,"§±§à§Õ§ã§ä§Ñ§Ü§Ñ§ß§ß§Ú§Ü §¬§à§Ý§î§é§å§Ô§Ú§ß§ã§Ü§Ú§Û §Þ§Ö§Ý§î§ç§Ú§à§â ""§¤§Ö§â§Ò §³§³§³§² §³§à§Ó§Ö§ä§ã§Ü§Ú§Û §ß§Ú§Ü§Ö§Ý§Ú§â§à§Ó§Ñ§ß§ß§í§Û §ã §é§Ö§â§ß§Ö§ß§Ú§Ö§Þ §Ó §á§à§Õ§Ñ§â§à§Ü §Þ§å§Ø§é§Ú§ß§Ö, §Õ§â§å§Ù§î§ñ§Þ, §Ü§à§Ý§Ý§Ö§Ô§Ñ§Þ. §µ§è§Ö§ß§Ö§ß§ß§í§Û §ä§à§Ó§Ñ§â",https://www.ozon.ru/product/1431735026,§¯§Ö§ä,§¬§à§Ý§î§é§å§Ô§Ú§ß§ã§Ü§Ú§Û §Þ§Ö§Ý§î§ç§Ú§à§â,§¬§à§Ý§î§é§å§Ô§Ú§ß§ã§Ü§Ú§Û §Þ§Ö§Ý§î§ç§Ú§à§â,FBO,1947,1947,0.107142857,649,0.3333,16225,1,4.791666667,182,0,0,0,2024/2/22
§¬§å§ç§ß§ñ,³ø·¿,§±§à§ã§å§Õ§Ñ §Õ§Ý§ñ §é§Ñ§ñ §Ú §Ü§à§æ§Ö,²èºÍ¿§·ÈÆ÷Ãó,§±§à§Õ§ã§ä§Ñ§Ü§Ñ§ß§ß§Ú§Ü,±­ÍÐ,§±§à§Õ§ã§ä§Ñ§Ü§Ñ§ß§ß§Ú§Ü §¢§Ñ§Ò§Ñ-§Á§Ô§Ñ (§Ý§Ñ§ä§å§ß§î),https://www.ozon.ru/product/215374930,§¯§Ö§ä,§¿§Ü§ã§Ü§Ý§ð§Ù§Ú§Ó-§®,§¿§Ü§ã§Ü§Ý§ð§Ù§Ú§Ó-§®,FBS,18085,6028.3333,1,645.8929,0.1071,0,1,4.041666667,1303,154,0.001534919,0.084415584,2020/12/9
§¬§å§ç§ß§ñ,³ø·¿,§±§à§ã§å§Õ§Ñ §Õ§Ý§ñ §é§Ñ§ñ §Ú §Ü§à§æ§Ö,²èºÍ¿§·ÈÆ÷Ãó,§±§à§Õ§ã§ä§Ñ§Ü§Ñ§ß§ß§Ú§Ü,±­ÍÐ,"§±§à§Õ§ã§ä§Ñ§Ü§Ñ§ß§ß§Ú§Ü §¬§à§Ý§î§é§å§Ô§Ú§ß§ã§Ü§Ú§Û §Þ§Ö§Ý§î§ç§Ú§à§â ""§²§í§Ò§Ñ§Ü"" §ß§Ú§Ü§Ö§Ý§Ú§â§à§Ó§Ñ§ß§ß§í§Û §ã §é§Ö§â§ß§î§ð §Ó §á§à§Õ§Ñ§â§à§Ü §Þ§å§Ø§é§Ú§ß§Ö,§á§Ñ§á§Ö,§Õ§â§å§Ô§å,§Ü§à§Ý§Ý§Ö§Ô§Ö, §â§í§Ò§Ñ§Ü§å",https://www.ozon.ru/product/342212287,§¯§Ö§ä,§¬§à§Ý§î§é§å§Ô§Ú§ß§ã§Ü§Ú§Û §Þ§Ö§Ý§î§ç§Ú§à§â,§¬§à§Ý§î§é§å§Ô§Ú§ß§ã§Ü§Ú§Û §Þ§Ö§Ý§î§ç§Ú§à§â,FBS,15443,1715.8889,0.857142857,643.4583,0.375,2573.8333,1,4.505952381,5747,473,0.001914042,0.050739958,2021/10/6
§¬§å§ç§ß§ñ,³ø·¿,§±§à§ã§å§Õ§Ñ §Õ§Ý§ñ §é§Ñ§ñ §Ú §Ü§à§æ§Ö,²èºÍ¿§·ÈÆ÷Ãó,§±§à§Õ§ã§ä§Ñ§Ü§Ñ§ß§ß§Ú§Ü,±­ÍÐ,"§±§à§Õ§ã§ä§Ñ§Ó§Ü§Ñ §á§à§Õ §Ü§â§å§Ø§Ü§å (§á§à§Õ§ã§ä§Ñ§Ü§Ñ§ß§ß§Ú§Ü) §Ú§Ù §ß§Ñ§ä§å§â§Ñ§Ý§î§ß§à§Ô§à §Þ§â§Ñ§Þ§à§â§Ñ Monogram 210, 2 §ê§ä.",https://www.ozon.ru/product/842633789,§¯§Ö§ä,MONOGRAM,Monogram,FBS,17993,1999.2222,1,642.6071,0.3214,0,1,3.888888889,14883,1045,0.00087348,0.034449761,2023/1/22
§¬§å§ç§ß§ñ,³ø·¿,§±§à§ã§å§Õ§Ñ §Õ§Ý§ñ §é§Ñ§ñ §Ú §Ü§à§æ§Ö,²èºÍ¿§·ÈÆ÷Ãó,§±§à§Õ§ã§ä§Ñ§Ü§Ñ§ß§ß§Ú§Ü,±­ÍÐ,§±§à§Õ§Ñ§â§à§é§ß§í§Û §ß§Ñ§Ò§à§â §á§à§Õ§ã§ä§Ñ§Ü§Ñ§ß§ß§Ú§Ü §ã§à §ã§ä§Ñ§Ü§Ñ§ß§à§Þ §Ú §é§Ñ§Ö§Þ §¬§à§Ý§î§é§å§Ô§Ú§ß§ã§Ü§Ú§Û §Þ§Ö§Ý§î§ç§Ú§à§â "§¤§Ö§â§Ò §²§¶" §ß§Ú§Ü§Ö§Ý§Ú§â§à§Ó§Ñ§ß§ß§í§Û §ã §é§Ö§â§ß§Ö§ß§Ú§Ö§Þ §Ó §á§à§Õ§Ñ§â§à§é§ß§à§Û §Ü§à§â§à§Ò§Ü§Ö,https://www.ozon.ru/product/1151925869,§¯§Ö§ä,§¬§à§Ý§î§é§å§Ô§Ú§ß§ã§Ü§Ú§Û §Þ§Ö§Ý§î§ç§Ú§à§â,§¬§à§Ý§î§é§å§Ô§Ú§ß§ã§Ü§Ú§Û §Þ§Ö§Ý§î§ç§Ú§à§â,FBS,14686,2447.6667,0.821428571,638.5217,0.2609,3192.6087,1,3.4625,2550,732,0,0.036885246,2023/8/24
§¬§å§ç§ß§ñ,³ø·¿,§±§à§ã§å§Õ§Ñ §Õ§Ý§ñ §é§Ñ§ñ §Ú §Ü§à§æ§Ö,²èºÍ¿§·ÈÆ÷Ãó,§±§à§Õ§ã§ä§Ñ§Ü§Ñ§ß§ß§Ú§Ü,±­ÍÐ,"§±§à§Õ§ã§ä§Ñ§Ü§Ñ§ß§ß§Ú§Ü §ã§à §ã§ä§Ñ§Ü§Ñ§ß§à§Þ ""§¤§Ö§â§Ò §²§à§ã§ã§Ú§Ú"" - §á§à§Õ§Ñ§â§à§Ü §Þ§å§Ø§é§Ú§ß§Ö, §Þ§å§Ø§å, §Ò§â§Ñ§ä§å, §á§Ñ§á§Ö, §Õ§Ö§Õ§å§ê§Ü§Ö §ß§Ñ §¥§Ö§ß§î §â§à§Ø§Õ§Ö§ß§Ú§ñ, 23 §æ§Ö§Ó§â§Ñ§Ý§ñ, §¯§à§Ó§í§Û §Ô§à§Õ",https://www.ozon.ru/product/905893671,§¯§Ö§ä,§¤§Ñ§Ý§Ö§â§Ö§ñ §±§à§Õ§Ñ§â§Ü§à§Ó,§¬§à§Ý§î§é§å§Ô§Ú§ß§ã§Ü§Ú§Û §Þ§Ö§Ý§î§ç§Ú§à§â,FBO,17862,2977,1,637.9286,0.2143,0,7,1.942708333,19805,626,0.000454431,0.054313099,2023/3/23
§¬§å§ç§ß§ñ,³ø·¿,§±§à§ã§å§Õ§Ñ §Õ§Ý§ñ §é§Ñ§ñ §Ú §Ü§à§æ§Ö,²èºÍ¿§·ÈÆ÷Ãó,§±§à§Õ§ã§ä§Ñ§Ü§Ñ§ß§ß§Ú§Ü,±­ÍÐ,§±§à§Õ§Ñ§â§à§é§ß§í§Û §ß§Ñ§Ò§à§â §Õ§Ý§ñ §â§å§Ü§à§Ó§à§Õ§Ú§ä§Ö§Ý§ñ "§³§ª§­§¡.§£§°§­§Á.§£§­§¡§³§´§¾.§®§µ§¥§²§°§³§´§¾" (§Ü§ß§Ú§Ô§Ñ+§á§à§Õ§ã§ä§Ñ§Ü§Ñ§ß§ß§Ú§Ü),https://www.ozon.ru/product/186620802,§¯§Ö§ä,Premium Plus,§¡§²§´-§ã§ä§å§Õ§Ú§ñ §¬§Ý§Ñ§ã§ã§Ú§Ü,FBS,17740,8870,1,633.5714,0.0714,0,1,4.125,976,112,0,0.017857143,2020/8/16
§¬§å§ç§ß§ñ,³ø·¿,§±§à§ã§å§Õ§Ñ §Õ§Ý§ñ §é§Ñ§ñ §Ú §Ü§à§æ§Ö,²èºÍ¿§·ÈÆ÷Ãó,§±§à§Õ§ã§ä§Ñ§Ü§Ñ§ß§ß§Ú§Ü,±­ÍÐ,§±§à§Õ§ã§ä§Ñ§Ü§Ñ§ß§ß§Ú§Ü "§¤§Ö§â§Ò §³§³§³§²" §à§ã§ß§à§Ó§Ñ §ã §Ô§â§Ñ§ß§Ö§ß§í§Þ §ã§ä§Ñ§Ü§Ñ§ß§à§Þ,https://www.ozon.ru/product/943169676,§¯§Ö§ä,§°§ä§Õ§Ñ§Þ §á§à§Õ§Ñ§â§à§Ü 2.0,§°§ä§Õ§Ñ§Þ §á§à§Õ§Ñ§â§à§Ü,FBS,17702,2212.75,1,632.2143,0.2857,0,1,6.525,3829,306,0.00052233,0.052287582,2023/4/18
§¬§å§ç§ß§ñ,³ø·¿,§±§à§ã§å§Õ§Ñ §Õ§Ý§ñ §é§Ñ§ñ §Ú §Ü§à§æ§Ö,²èºÍ¿§·ÈÆ÷Ãó,§±§à§Õ§ã§ä§Ñ§Ü§Ñ§ß§ß§Ú§Ü,±­ÍÐ,§±§à§Õ§ã§ä§Ñ§Ü§Ñ§ß§ß§Ú§Ü §ã§à §ã§ä§Ñ§Ü§Ñ§ß§à§Þ §Ú §Ý§à§Ø§Ü§à§Û "§¤§Ö§â§Ò §²§à§ã§ã§Ú§Ú" §Ó §æ§å§ä§Ý§ñ§â§Ö,https://www.ozon.ru/product/1257491553,§¯§Ö§ä,§¤§Ñ§Ý§Ö§â§Ö§ñ §±§à§Õ§Ñ§â§Ü§à§Ó,§¬§à§Ý§î§é§å§Ô§Ú§ß§ã§Ü§Ú§Û §Þ§Ö§Ý§î§ç§Ú§à§â,FBO,16979,4244.75,0.964285714,628.8519,0.1481,628.8519,3,1.59375,8817,296,0.000226835,0.060810811,2023/10/24
§¬§å§ç§ß§ñ,³ø·¿,§±§à§ã§å§Õ§Ñ §Õ§Ý§ñ §é§Ñ§ñ §Ú §Ü§à§æ§Ö,²èºÍ¿§·ÈÆ÷Ãó,§±§à§Õ§ã§ä§Ñ§Ü§Ñ§ß§ß§Ú§Ü,±­ÍÐ,§±§à§Õ§ã§ä§Ñ§Ü§Ñ§ß§ß§Ú§Ü "§£§Ö§Ý§Ú§Ü§à§Û §ã§ä§â§Ñ§ß§Ö - §£§Ö§Ý§Ú§Ü§à§Ö §Ò§å§Õ§å§ë§Ö§Ö!" (§Ò§â§à§ß§Ù§Ñ),https://www.ozon.ru/product/614358026,§¯§Ö§ä,Premium Plus,§²§å§ã§î §£§Ö§Ý§Ú§Ü§Ñ§ñ,FBS,3751,3751,0.214285714,625.1667,0.1667,13753.6667,1,6.166666667,252,26,0,0.076923077,2022/6/11
§¬§å§ç§ß§ñ,³ø·¿,§±§à§ã§å§Õ§Ñ §Õ§Ý§ñ §é§Ñ§ñ §Ú §Ü§à§æ§Ö,²èºÍ¿§·ÈÆ÷Ãó,§±§à§Õ§ã§ä§Ñ§Ü§Ñ§ß§ß§Ú§Ü,±­ÍÐ,§±§à§Õ§ã§ä§Ñ§Ü§Ñ§ß§ß§Ú§Ü §ã§à §ã§ä§Ñ§Ü§Ñ§ß§à§Þ §Ú §Ý§à§Ø§Ü§à§Û §¬§à§Ý§î§é§å§Ô§Ú§ß§ã§Ü§Ú§Û §Þ§Ö§Ý§î§ç§Ú§à§â " §¬§à§Ý§î§é§å§Ô§Ú§ß§ã§Ü§Ú§Ö §Ù§à§â§Ú" §á§à§ã§Ö§â§Ö§Ò§â§Ö§ß§ß§í§Û §Ó §á§à§Õ§Ñ§â§à§Ü §Þ§å§Ø§é§Ú§ß§Ö §Ú §Ø§Ö§ß§ë§Ú§ß§Ö,https://www.ozon.ru/product/658436448,§¯§Ö§ä,§¬§à§Ý§î§é§å§Ô§Ú§ß§ã§Ü§Ú§Û §Þ§Ö§Ý§î§ç§Ú§à§â,§¬§à§Ý§î§é§å§Ô§Ú§ß§ã§Ü§Ú§Û §Þ§Ö§Ý§î§ç§Ú§à§â,FBS,11181,5590.5,0.642857143,621.1667,0.1111,6211.6667,1,7.6875,901,55,0.001109878,0.036363636,2022/8/1
§¬§å§ç§ß§ñ,³ø·¿,§±§à§ã§å§Õ§Ñ §Õ§Ý§ñ §é§Ñ§ñ §Ú §Ü§à§æ§Ö,²èºÍ¿§·ÈÆ÷Ãó,§±§à§Õ§ã§ä§Ñ§Ü§Ñ§ß§ß§Ú§Ü,±­ÍÐ,§±§à§Õ§ã§ä§Ñ§Ü§Ñ§ß§ß§Ú§Ü §ã§à §ã§ä§Ñ§Ü§Ñ§ß§à§Þ §Ú §Ý§à§Ø§Ü§à§Û "50 §Ý§Ö§ä" §Ó §æ§å§ä§Ý§ñ§â§Ö,https://www.ozon.ru/product/1279294346,§¯§Ö§ä,§¤§Ñ§Ý§Ö§â§Ö§ñ §±§à§Õ§Ñ§â§Ü§à§Ó,§¬§à§Ý§î§é§å§Ô§Ú§ß§ã§Ü§Ú§Û §Þ§Ö§Ý§î§ç§Ú§à§â,FBO,17386,4346.5,1,620.9286,0.1429,0,4,1.37962963,6135,144,0.000162999,0.055555556,2023/11/7
§¬§å§ç§ß§ñ,³ø·¿,§±§à§ã§å§Õ§Ñ §Õ§Ý§ñ §é§Ñ§ñ §Ú §Ü§à§æ§Ö,²èºÍ¿§·ÈÆ÷Ãó,§±§à§Õ§ã§ä§Ñ§Ü§Ñ§ß§ß§Ú§Ü,±­ÍÐ,§±§à§Õ§ã§ä§Ñ§Ü§Ñ§ß§ß§Ú§Ü §¬§¤§¢ (§Ý§Ñ§ä§å§ß§î),https://www.ozon.ru/product/217821113,§¯§Ö§ä,§¿§Ü§ã§Ü§Ý§ð§Ù§Ú§Ó-§®,§¿§Ü§ã§Ü§Ý§ð§Ù§Ú§Ó-§®,FBS,16128,5376,0.928571429,620.3077,0.1154,1240.6154,1,3.805555556,730,84,0.001369863,0.05952381,2020/12/19
§¬§å§ç§ß§ñ,³ø·¿,§±§à§ã§å§Õ§Ñ §Õ§Ý§ñ §é§Ñ§ñ §Ú §Ü§à§æ§Ö,²èºÍ¿§·ÈÆ÷Ãó,§±§à§Õ§ã§ä§Ñ§Ü§Ñ§ß§ß§Ú§Ü,±­ÍÐ,§±§à§Õ§ã§ä§Ñ§Ü§Ñ§ß§ß§Ú§Ü "§¶§Ö§Õ§Ö§â§Ñ§Ý§î§ß§Ñ§ñ §ä§Ñ§Þ§à§Ø§Ö§ß§ß§Ñ§ñ §ã§Ý§å§Ø§Ò§Ñ" §Ó §á§à§Õ§Ñ§â§à§é§ß§à§Þ §æ§å§ä§Ý§ñ§â§Ö §è§Ó§Ö§ä§ß§Ñ§ñ §Ý§Ñ§Ù§Ö§â§ß§Ñ§ñ §Ô§â§Ñ§Ó§Ú§â§à§Ó§Ü§Ñ,https://www.ozon.ru/product/334273796,§¯§Ö§ä,§®§Ñ§ã§ä§Ö§â §á§à§Õ§Ñ§â§Ü§à§Ó,§®§Ñ§ã§ä§Ö§â §á§à§Õ§Ñ§â§Ü§à§Ó,FBS,17309,4327.25,1,618.1786,0.1429,0,1,4.68452381,9986,756,0.00010014,0.015873016,2021/9/28
§¬§å§ç§ß§ñ,³ø·¿,§±§à§ã§å§Õ§Ñ §Õ§Ý§ñ §é§Ñ§ñ §Ú §Ü§à§æ§Ö,²èºÍ¿§·ÈÆ÷Ãó,§±§à§Õ§ã§ä§Ñ§Ü§Ñ§ß§ß§Ú§Ü,±­ÍÐ,"§±§à§Õ§Ñ§â§à§é§ß§í§Û §ß§Ñ§Ò§à§â §á§à§Õ§ã§ä§Ñ§Ü§Ñ§ß§ß§Ú§Ü §ã§à §ã§ä§Ñ§Ü§Ñ§ß§à§Þ §Ú §à§ä§Ü§â§í§ä§Ü§à§Û §¬§à§Ý§î§é§å§Ô§Ú§ß§ã§Ü§Ú§Û §Þ§Ö§Ý§î§ç§Ú§à§â ""§¤§Ý§Ñ§Ó§Ñ §ã§Ö§Þ§î§Ú"" §ß§Ú§Ü§Ö§Ý§Ú§â§à§Ó§Ñ§ß§ß§í§Û §ã §é§Ö§â§ß§Ö§ß§Ú§Ö§Þ §Ó §á§à§Õ§Ñ§â§à§Ü §á§Ñ§á§Ö, §Õ§Ö§Õ§å§ê§Ü§Ö, §Þ§å§Ø§å",https://www.ozon.ru/product/219565108,§¯§Ö§ä,§¬§à§Ý§î§é§å§Ô§Ú§ß§ã§Ü§Ú§Û §Þ§Ö§Ý§î§ç§Ú§à§â,§¬§à§Ý§î§é§å§Ô§Ú§ß§ã§Ü§Ú§Û §Þ§Ö§Ý§î§ç§Ú§à§â,FBS,17199,2457,1,614.25,0.25,0,1,5.558333333,10804,806,0.001203258,0.047146402,2020/12/28
§¬§å§ç§ß§ñ,³ø·¿,§±§à§ã§å§Õ§Ñ §Õ§Ý§ñ §é§Ñ§ñ §Ú §Ü§à§æ§Ö,²èºÍ¿§·ÈÆ÷Ãó,§±§à§Õ§ã§ä§Ñ§Ü§Ñ§ß§ß§Ú§Ü,±­ÍÐ,"§¯§Ñ§Ò§à§â §Õ§Ý§ñ §é§Ñ§ñ §¶§³§¢, §á§à§Ù§à§Ý§à§ä§Ñ (11628)",https://www.ozon.ru/product/491282935,§¯§Ö§ä,§®§à§Ú §á§à§Õ§Ñ§â§Ü§Ú,,FBS,13501,4500.3333,0.785714286,613.6818,0.1364,3682.0909,2,2.43452381,11168,462,0.000268625,0.041125541,2022/2/9
§¬§å§ç§ß§ñ,³ø·¿,§±§à§ã§å§Õ§Ñ §Õ§Ý§ñ §é§Ñ§ñ §Ú §Ü§à§æ§Ö,²èºÍ¿§·ÈÆ÷Ãó,§±§à§Õ§ã§ä§Ñ§Ü§Ñ§ß§ß§Ú§Ü,±­ÍÐ,§­§Ñ§ä§å§ß§ß§í§Û §á§à§Õ§ã§ä§Ñ§Ü§Ñ§ß§ß§Ú§Ü "§¤§Ö§à§â§Ô§Ú§Û §á§à§Ò§Ö§Õ§à§ß§à§ã§Ö§è" §ã§à §ã§ä§Ñ§Ü§Ñ§ß§à§Þ (250 §Þ§Ý),https://www.ozon.ru/product/1342801342,§¯§Ö§ä,Premium Plus,,FBS,6115,6115,0.357142857,611.5,0.1,11007,1,4.291666667,327,23,0,0.043478261,2023/12/15
§¬§å§ç§ß§ñ,³ø·¿,§±§à§ã§å§Õ§Ñ §Õ§Ý§ñ §é§Ñ§ñ §Ú §Ü§à§æ§Ö,²èºÍ¿§·ÈÆ÷Ãó,§±§à§Õ§ã§ä§Ñ§Ü§Ñ§ß§ß§Ú§Ü,±­ÍÐ,"§±§à§Õ§ã§ä§Ñ§Ü§Ñ§ß§ß§Ú§Ü §ã§à §ã§ä§Ñ§Ü§Ñ§ß§à§Þ §¬§à§Ý§î§é§å§Ô§Ú§ß§ã§Ü§Ú§Û §Þ§Ö§Ý§î§ç§Ú§à§â ""§²§à§ã§ã§Ú§ñ - §¤§Ö§à§â§Ô§Ú§Û §±§à§Ò§Ö§Õ§à§ß§à§ã§Ö§è"" §á§à§ã§Ö§â§Ö§Ò§â§Ö§ß§ß§í§Û §Ó §æ§å§ä§Ý§ñ§â§Ö §Ó §á§à§Õ§Ñ§â§à§Ü §Þ§å§Ø§é§Ú§ß§Ö, §Õ§â§å§Ô§å, §Ü§à§Ý§Ý§Ö§Ô§Ö, §ß§Ñ§é§Ñ§Ý§î§ß§Ú§Ü§å",https://www.ozon.ru/product/658410386,§¯§Ö§ä,§¬§à§Ý§î§é§å§Ô§Ú§ß§ã§Ü§Ú§Û §Þ§Ö§Ý§î§ç§Ú§à§â,§¬§à§Ý§î§é§å§Ô§Ú§ß§ã§Ü§Ú§Û §Þ§Ö§Ý§î§ç§Ú§à§â,FBS,5499,5499,0.321428571,611,0.1111,11609,1,5.791666667,407,22,0.002457002,0.045454545,2022/8/1
§¬§å§ç§ß§ñ,³ø·¿,§±§à§ã§å§Õ§Ñ §Õ§Ý§ñ §é§Ñ§ñ §Ú §Ü§à§æ§Ö,²èºÍ¿§·ÈÆ÷Ãó,§±§à§Õ§ã§ä§Ñ§Ü§Ñ§ß§ß§Ú§Ü,±­ÍÐ,§±§à§Õ§ã§ä§Ñ§Ü§Ñ§ß§ß§Ú§Ü §ã§à §ã§ä§Ñ§Ü§Ñ§ß§à§Þ §¬§à§Ý§î§é§å§Ô§Ú§ß§ã§Ü§Ú§Û §Þ§Ö§Ý§î§ç§Ú§à§â "§²§Ñ§Ù§Ó§à§Õ§ß§í§Ö §Þ§à§ã§ä§í" §ß§Ú§Ü§Ö§Ý§Ú§â§à§Ó§Ñ§ß§ß§í§Û §ã §é§Ö§â§ß§Ö§ß§Ú§Ö§Þ §Ó §á§à§Õ§Ñ§â§à§Ü §Þ§å§Ø§é§Ú§ß§Ö §Ú §Ø§Ö§ß§ë§Ú§ß§Ö,https://www.ozon.ru/product/221133040,§¯§Ö§ä,§¬§à§Ý§î§é§å§Ô§Ú§ß§ã§Ü§Ú§Û §Þ§Ö§Ý§î§ç§Ú§à§â,§¬§à§Ý§î§é§å§Ô§Ú§ß§ã§Ü§Ú§Û §Þ§Ö§Ý§î§ç§Ú§à§â,FBS,17038,2434,1,608.5,0.25,0,1,4.351851852,10189,823,0.00039258,0.037667072,2021/1/11
§¬§å§ç§ß§ñ,³ø·¿,§±§à§ã§å§Õ§Ñ §Õ§Ý§ñ §é§Ñ§ñ §Ú §Ü§à§æ§Ö,²èºÍ¿§·ÈÆ÷Ãó,§±§à§Õ§ã§ä§Ñ§Ü§Ñ§ß§ß§Ú§Ü,±­ÍÐ,§±§à§Õ§ã§ä§Ñ§Ü§Ñ§ß§ß§Ú§Ü §ã§à §ã§ä§Ñ§Ü§Ñ§ß§à§Þ §Ú §Ý§à§Ø§Ü§à§Û "§³§³§³§²" §Ó §æ§å§ä§Ý§ñ§â§Ö,https://www.ozon.ru/product/1279287519,§¯§Ö§ä,§¤§Ñ§Ý§Ö§â§Ö§ñ §±§à§Õ§Ñ§â§Ü§à§Ó,§¬§à§Ý§î§é§å§Ô§Ú§ß§ã§Ü§Ú§Û §Þ§Ö§Ý§î§ç§Ú§à§â,FBO,16893,4223.25,1,603.3214,0.1429,0,5,1.322916667,5906,96,0,0.072916667,2023/11/7
§¬§å§ç§ß§ñ,³ø·¿,§±§à§ã§å§Õ§Ñ §Õ§Ý§ñ §é§Ñ§ñ §Ú §Ü§à§æ§Ö,²èºÍ¿§·ÈÆ÷Ãó,§±§à§Õ§ã§ä§Ñ§Ü§Ñ§ß§ß§Ú§Ü,±­ÍÐ,§±§à§Õ§ã§ä§Ñ§Ü§Ñ§ß§ß§Ú§Ü §¹§£§¬ "§¤§â§å§á§á§Ñ §£§Ñ§Ô§ß§Ö§â§Ñ" §ã §é§Ñ§Û§ß§à§Û §Ý§à§Ø§Ü§à§Û §Ó §Ü§Ñ§â§ä§à§ß§ß§à§Û §Ü§à§â§à§Ò§Ü§Ö,https://www.ozon.ru/product/1190065245,§¯§Ö§ä,§­§¥-§®§Ñ§â§Ü§Ö§ä,§°§ä§Õ§Ñ§Þ §á§à§Õ§Ñ§â§à§Ü,FBS,16862,2810.3333,1,602.2143,0.2143,0,1,4.934027778,859,72,0,0.111111111,2023/9/13
§¬§å§ç§ß§ñ,³ø·¿,§±§à§ã§å§Õ§Ñ §Õ§Ý§ñ §é§Ñ§ñ §Ú §Ü§à§æ§Ö,²èºÍ¿§·ÈÆ÷Ãó,§±§à§Õ§ã§ä§Ñ§Ü§Ñ§ß§ß§Ú§Ü,±­ÍÐ,"§±§à§Õ§Ñ§â§à§é§ß§í§Û §ß§Ñ§Ò§à§â §Õ§Ý§ñ §é§Ñ§ñ §á§à§Õ§ã§ä§Ñ§Ü§Ñ§ß§ß§Ú§Ü §ã§à §ã§ä§Ñ§Ü§Ñ§ß§à§Þ §Ú §Ý§à§Ø§Ü§à§Û §¬§à§Ý§î§é§å§Ô§Ú§ß§ã§Ü§Ú§Û §Þ§Ö§Ý§î§ç§Ú§à§â ""§¤§Ý§Ñ§Ó§Ñ §ã§Ö§Þ§î§Ú"" §ß§Ú§Ü§Ö§Ý§Ú§â§à§Ó§Ñ§ß§ß§í§Û §ã §é§Ö§â§ß§Ö§ß§Ú§Ö§Þ §Ó §á§à§Õ§Ñ§â§à§Ü §Þ§å§Ø§é§Ú§ß§Ö, §Þ§å§Ø§å, §á§Ñ§á§Ö, §Õ§Ö§Õ§å§ê§Ü§Ö",https://www.ozon.ru/product/620970830,§¯§Ö§ä,§¬§à§Ý§î§é§å§Ô§Ú§ß§ã§Ü§Ú§Û §Þ§Ö§Ý§î§ç§Ú§à§â,§¬§à§Ý§î§é§å§Ô§Ú§ß§ã§Ü§Ú§Û §Þ§Ö§Ý§î§ç§Ú§à§â,FBS,16685,3337,1,595.8929,0.1786,0,1,5.973484848,4301,311,0.000697512,0.067524116,2022/6/20
§¬§å§ç§ß§ñ,³ø·¿,§±§à§ã§å§Õ§Ñ §Õ§Ý§ñ §é§Ñ§ñ §Ú §Ü§à§æ§Ö,²èºÍ¿§·ÈÆ÷Ãó,§±§à§Õ§ã§ä§Ñ§Ü§Ñ§ß§ß§Ú§Ü,±­ÍÐ,§±§à§Õ§ã§ä§Ñ§Ü§Ñ§ß§ß§Ú§Ü "§¤§Ý§Ñ§Ó§Ñ §ã§Ö§Þ§î§Ú" (§Ý§Ñ§ä§å§ß§î)§ã §é§Ñ§Û§ß§à§Û §Ý§à§Ø§Ü§à§Û §Ú §Ô§â§Ñ§ß§Ö§ß§í§Þ §ã§ä§Ñ§Ü§Ñ§ß§à§Þ,https://www.ozon.ru/product/1123467042,§¯§Ö§ä,§­§¥-§®§Ñ§â§Ü§Ö§ä,§°§ä§Õ§Ñ§Þ §á§à§Õ§Ñ§â§à§Ü,FBS,16673,2778.8333,1,595.4643,0.2143,0,1,4.333333333,3551,150,0.001689665,0.086666667,2023/8/7
§¬§å§ç§ß§ñ,³ø·¿,§±§à§ã§å§Õ§Ñ §Õ§Ý§ñ §é§Ñ§ñ §Ú §Ü§à§æ§Ö,²èºÍ¿§·ÈÆ÷Ãó,§±§à§Õ§ã§ä§Ñ§Ü§Ñ§ß§ß§Ú§Ü,±­ÍÐ,§±§à§Õ§ã§ä§Ñ§Ü§Ñ§ß§ß§Ú§Ü §³§å§Õ§Ñ§Ü (§Ý§Ñ§ä§å§ß§î),https://www.ozon.ru/product/215386923,§¯§Ö§ä,§¿§Ü§ã§Ü§Ý§ð§Ù§Ú§Ó-§®,§¿§Ü§ã§Ü§Ý§ð§Ù§Ú§Ó-§®,FBS,16521,5507,1,590.0357,0.1071,0,1,5.408333333,1646,169,0.0018226,0.035502959,2020/12/9
§¬§å§ç§ß§ñ,³ø·¿,§±§à§ã§å§Õ§Ñ §Õ§Ý§ñ §é§Ñ§ñ §Ú §Ü§à§æ§Ö,²èºÍ¿§·ÈÆ÷Ãó,§±§à§Õ§ã§ä§Ñ§Ü§Ñ§ß§ß§Ú§Ü,±­ÍÐ,"§¯§Ñ§Ò§à§â §Õ§Ý§ñ §é§Ñ§ñ ""§¡§ä§Ý§Ñ§ß§ä"" (§ã§ä§Ñ§Ü§Ñ§ß - §ç§â§å§ã§ä§Ñ§Ý§î §ã §Ù§à§Ý§à§ä§í§Þ §à§Ò§à§Õ§Ü§à§Þ, §Õ§Ö§â§Ö§Ó§ñ§ß§ß§í§Û §æ§å§ä§Ý§ñ§â, §Ý§à§Ø§Ü§Ñ - §Ý§Ñ§ä§å§ß§î) §¯§Ñ§Ò§à§â §Õ§Ý§ñ §é§Ö§Ý§à§Ó§Ö§Ü§Ñ §ß§Ñ §Ü§à§ä§à§â§à§Þ §Õ§Ö§â§Ø§Ú§ä§ã§ñ §Ó§ã§×.",https://www.ozon.ru/product/594768939,§¯§Ö§ä,Premium Plus,§¡§²§´-§ã§ä§å§Õ§Ú§ñ §¬§Ý§Ñ§ã§ã§Ú§Ü,FBS,15838.7296,15838.7296,0.964285714,586.6196,0.037,586.6196,1,5.138888889,1545,48,0,0.041666667,2022/5/23
§¬§å§ç§ß§ñ,³ø·¿,§±§à§ã§å§Õ§Ñ §Õ§Ý§ñ §é§Ñ§ñ §Ú §Ü§à§æ§Ö,²èºÍ¿§·ÈÆ÷Ãó,§±§à§Õ§ã§ä§Ñ§Ü§Ñ§ß§ß§Ú§Ü,±­ÍÐ,"§±§à§Õ§ã§ä§Ñ§Ü§Ñ§ß§ß§Ú§Ü §ã§à §ã§ä§Ñ§Ü§Ñ§ß§à§Þ §¬§à§Ý§î§é§å§Ô§Ú§ß§ã§Ü§Ú§Û §Þ§Ö§Ý§î§ç§Ú§à§â ""§³§Ñ§ß§Ü§ä-§±§Ö§ä§Ö§â§Ò§å§â§Ô"" §Ý§Ñ§ä§å§ß§ß§í§Û §Ó §á§à§Õ§Ñ§â§à§Ü §Þ§å§Ø§é§Ú§ß§Ö, §Ø§Ö§ß§ë§Ú§ß§Ö,§â§à§Õ§ã§ä§Ó§Ö§ß§ß§Ú§Ü§Ñ§Þ, §Õ§â§å§Ù§î§ñ§Þ",https://www.ozon.ru/product/392266649,§¯§Ö§ä,§¬§à§Ý§î§é§å§Ô§Ú§ß§ã§Ü§Ú§Û §Þ§Ö§Ý§î§ç§Ú§à§â,§¬§à§Ý§î§é§å§Ô§Ú§ß§ã§Ü§Ú§Û §Þ§Ö§Ý§î§ç§Ú§à§â,FBO,16421,2736.8333,1,586.4643,0.2143,0,3,1.125,10969,307,0.000273498,0.055374593,2021/11/18
§¬§å§ç§ß§ñ,³ø·¿,§±§à§ã§å§Õ§Ñ §Õ§Ý§ñ §é§Ñ§ñ §Ú §Ü§à§æ§Ö,²èºÍ¿§·ÈÆ÷Ãó,§±§à§Õ§ã§ä§Ñ§Ü§Ñ§ß§ß§Ú§Ü,±­ÍÐ,"§±§à§Õ§ã§ä§Ñ§Ü§Ñ§ß§ß§Ú§Ü §¬§à§Ý§î§é§å§Ô§Ú§ß§ã§Ü§Ú§Û §Þ§Ö§Ý§î§ç§Ú§à§â ""§£§Ý§Ñ§Õ§Ú§Þ§Ú§â"" §ß§Ú§Ü§Ö§Ý§Ú§â§à§Ó§Ñ§ß§ß§í§Û §ã §é§Ö§â§ß§Ö§ß§Ú§Ö§Þ §Ó §á§à§Õ§Ñ§â§à§Ü §Þ§å§Ø§é§Ú§ß§Ö,§Ø§Ö§ß§ë§Ú§ß§Ö,§Õ§â§å§Ù§î§ñ§Þ",https://www.ozon.ru/product/222403156,§¯§Ö§ä,§¬§à§Ý§î§é§å§Ô§Ú§ß§ã§Ü§Ú§Û §Þ§Ö§Ý§î§ç§Ú§à§â,§¬§à§Ý§î§é§å§Ô§Ú§ß§ã§Ü§Ú§Û §Þ§Ö§Ý§î§ç§Ú§à§â,FBO,1759,1759,0.107142857,586.3333,0.3333,14658.3333,1,0.666666667,271,14,0.003690037,0.071428571,2021/1/14
§¬§å§ç§ß§ñ,³ø·¿,§±§à§ã§å§Õ§Ñ §Õ§Ý§ñ §é§Ñ§ñ §Ú §Ü§à§æ§Ö,²èºÍ¿§·ÈÆ÷Ãó,§±§à§Õ§ã§ä§Ñ§Ü§Ñ§ß§ß§Ú§Ü,±­ÍÐ,§±§à§Õ§ã§ä§Ñ§Ü§Ñ§ß§ß§Ú§Ü "8 §Þ§Ñ§â§ä§Ñ. §³ §á§â§Ñ§Ù§Õ§ß§Ú§Ü§à§Þ" §ã§à §ã§ä§Ñ§Ü§Ñ§ß§à§Þ (§¬§à§Ý§î§é§å§Ô§Ú§ß§à),https://www.ozon.ru/product/1442898655,§¯§Ö§ä,§®§Ñ§Ô§Ñ§Ù§Ú§ß §á§à§Õ§Ñ§â§Ü§à§Ó "§³§é§Ñ§ã§ä§Ý§Ú§Ó§í§Û §³§Ý§å§é§Ñ§Û",§¬§à§Ý§î§é§å§Ô§Ú§ß§ã§Ü§Ú§Û §Þ§Ö§Ý§î§ç§Ú§à§â,FBS,7016,3508,0.428571429,584.6667,0.1667,9354.6667,3,4.770833333,889,50,0.002249719,0.06,2024/2/29
§¬§å§ç§ß§ñ,³ø·¿,§±§à§ã§å§Õ§Ñ §Õ§Ý§ñ §é§Ñ§ñ §Ú §Ü§à§æ§Ö,²èºÍ¿§·ÈÆ÷Ãó,§±§à§Õ§ã§ä§Ñ§Ü§Ñ§ß§ß§Ú§Ü,±­ÍÐ,§±§à§Õ§ã§ä§Ñ§Ü§Ñ§ß§ß§Ú§Ü §ã§à §ã§ä§Ñ§Ü§Ñ§ß§à§Þ §Ú §Ý§à§Ø§Ü§à§Û "§³§Ñ§ß§Ü§ä-§±§Ö§ä§Ö§â§Ò§å§â§Ô" §Ó §æ§å§ä§Ý§ñ§â§Ö,https://www.ozon.ru/product/1257463802,§¯§Ö§ä,§¤§Ñ§Ý§Ö§â§Ö§ñ §±§à§Õ§Ñ§â§Ü§à§Ó,§¬§à§Ý§î§é§å§Ô§Ú§ß§ã§Ü§Ú§Û §Þ§Ö§Ý§î§ç§Ú§à§â,FBO,4623,4623,0.285714286,577.875,0.125,11557.5,1,1,4680,64,0.000213675,0.015625,2023/10/24
§¬§å§ç§ß§ñ,³ø·¿,§±§à§ã§å§Õ§Ñ §Õ§Ý§ñ §é§Ñ§ñ §Ú §Ü§à§æ§Ö,²èºÍ¿§·ÈÆ÷Ãó,§±§à§Õ§ã§ä§Ñ§Ü§Ñ§ß§ß§Ú§Ü,±­ÍÐ,"§±§à§Õ§ã§ä§Ñ§Ü§Ñ§ß§ß§Ú§Ü §¬§à§Ý§î§é§å§Ô§Ú§ß§ã§Ü§Ú§Û §Þ§Ö§Ý§î§ç§Ú§à§â ""§¢§Ñ§ß§ß§í§Û"" §ß§Ú§Ü§Ö§Ý§Ú§â§à§Ó§Ñ§ß§ß§í§Û §ã §é§Ö§â§ß§Ö§ß§Ú§Ö§Þ §Ó §á§à§Õ§Ñ§â§à§Ü §Þ§å§Ø§é§Ú§ß§Ö §Ú §Ø§Ö§ß§ë§Ú§ß§Ö, §â§à§Õ§Ú§ä§Ö§Ý§ñ§Þ, §â§à§Õ§ã§ä§Ó§Ö§ß§ß§Ú§Ü§Ñ§Þ, §Ü§à§Ý§Ý§Ö§Ô§Ñ§Þ",https://www.ozon.ru/product/222366010,§¯§Ö§ä,§¬§à§Ý§î§é§å§Ô§Ú§ß§ã§Ü§Ú§Û §Þ§Ö§Ý§î§ç§Ú§à§â,§¬§à§Ý§î§é§å§Ô§Ú§ß§ã§Ü§Ú§Û §Þ§Ö§Ý§î§ç§Ú§à§â,FBS,16157,1795.2222,1,577.0357,0.3214,0,1,6.253205128,6217,387,0.000160849,0.028423773,2021/1/14
§¬§å§ç§ß§ñ,³ø·¿,§±§à§ã§å§Õ§Ñ §Õ§Ý§ñ §é§Ñ§ñ §Ú §Ü§à§æ§Ö,²èºÍ¿§·ÈÆ÷Ãó,§±§à§Õ§ã§ä§Ñ§Ü§Ñ§ß§ß§Ú§Ü,±­ÍÐ,"§¯§Ú§Ü§Ö§Ý§Ú§â§à§Ó§Ñ§ß§ß§í§Û §á§à§Õ§ã§ä§Ñ§Ü§Ñ§ß§ß§Ú§Ü ""§¤§Ö§â§Ò §³§³§³§²"" (§¬§à§Ý§î§é§å§Ô§Ú§ß§à, §Ò§Ö§Ù §ã§ä§Ñ§Ü§Ñ§ß§Ñ)",https://www.ozon.ru/product/536925541,§¯§Ö§ä,§®§Ñ§Ô§Ñ§Ù§Ú§ß §á§à§Õ§Ñ§â§Ü§à§Ó "§³§é§Ñ§ã§ä§Ý§Ú§Ó§í§Û §³§Ý§å§é§Ñ§Û",§¬§à§Ý§î§é§å§Ô§Ú§ß§ã§Ü§Ú§Û §Þ§Ö§Ý§î§ç§Ú§à§â,FBS,16018,2002.25,1,572.0714,0.2857,0,2,4.5,5814,615,0.001891985,0.068292683,2022/3/28
§¬§å§ç§ß§ñ,³ø·¿,§±§à§ã§å§Õ§Ñ §Õ§Ý§ñ §é§Ñ§ñ §Ú §Ü§à§æ§Ö,²èºÍ¿§·ÈÆ÷Ãó,§±§à§Õ§ã§ä§Ñ§Ü§Ñ§ß§ß§Ú§Ü,±­ÍÐ,"§±§à§Õ§ã§ä§Ñ§Ü§Ñ§ß§ß§Ú§Ü §¬§à§Ý§î§é§å§Ô§Ú§ß§ã§Ü§Ú§Û §Þ§Ö§Ý§î§ç§Ú§à§â ""§®§Ö§Õ§ß§í§Û §Ó§ã§Ñ§Õ§ß§Ú§Ü"" §ß§Ú§Ü§Ö§Ý§Ú§â§à§Ó§Ñ§ß§ß§í§Û §ã §é§Ö§â§ß§Ö§ß§Ú§Ö§Þ §Ó §á§à§Õ§Ñ§â§à§Ü §Þ§å§Ø§é§Ú§ß§Ö, §â§à§Õ§Ú§ä§Ö§Ý§ñ§Þ, §â§à§Õ§ã§ä§Ó§Ö§ß§ß§Ú§Ü§Ñ§Þ, §Ü§à§Ý§Ý§Ö§Ô§Ñ§Þ",https://www.ozon.ru/product/222389396,§¯§Ö§ä,§¬§à§Ý§î§é§å§Ô§Ú§ß§ã§Ü§Ú§Û §Þ§Ö§Ý§î§ç§Ú§à§â,§¬§à§Ý§î§é§å§Ô§Ú§ß§ã§Ü§Ú§Û §Þ§Ö§Ý§î§ç§Ú§à§â,FBS,14268,1783.5,0.892857143,570.72,0.32,1712.16,1,4.233333333,8508,378,0.000940291,0.05026455,2021/1/14
§¬§å§ç§ß§ñ,³ø·¿,§±§à§ã§å§Õ§Ñ §Õ§Ý§ñ §é§Ñ§ñ §Ú §Ü§à§æ§Ö,²èºÍ¿§·ÈÆ÷Ãó,§±§à§Õ§ã§ä§Ñ§Ü§Ñ§ß§ß§Ú§Ü,±­ÍÐ,§±§à§Õ§Ñ§â§à§é§ß§í§Û §ß§Ñ§Ò§à§â §á§à§Õ§ã§ä§Ñ§Ü§Ñ§ß§ß§Ú§Ü §ã§à §ã§ä§Ñ§Ü§Ñ§ß§à§Þ §Ú §é§Ñ§Ö§Þ §¬§à§Ý§î§é§å§Ô§Ú§ß§ã§Ü§Ú§Û §Þ§Ö§Ý§î§ç§Ú§à§â "§¤§Ö§â§Ò §²§¶" §Ý§Ñ§ä§å§ß§ß§í§Û §Ó §á§à§Õ§Ñ§â§à§é§ß§à§Û §Ü§à§â§à§Ò§Ü§Ö,https://www.ozon.ru/product/1151951515,§¯§Ö§ä,§¬§à§Ý§î§é§å§Ô§Ú§ß§ã§Ü§Ú§Û §Þ§Ö§Ý§î§ç§Ú§à§â,§¬§à§Ý§î§é§å§Ô§Ú§ß§ã§Ü§Ú§Û §Þ§Ö§Ý§î§ç§Ú§à§â,FBS,11935,2387,0.75,568.3333,0.2381,3978.3333,1,4.791666667,3426,1579,0.000583771,0.021532616,2023/8/24
§¬§å§ç§ß§ñ,³ø·¿,§±§à§ã§å§Õ§Ñ §Õ§Ý§ñ §é§Ñ§ñ §Ú §Ü§à§æ§Ö,²èºÍ¿§·ÈÆ÷Ãó,§±§à§Õ§ã§ä§Ñ§Ü§Ñ§ß§ß§Ú§Ü,±­ÍÐ,§±§à§Õ§ã§ä§Ñ§Ü§Ñ§ß§ß§Ú§Ü §á§à§Õ§Ñ§â§à§é§ß§í§Û §Ý§Ñ§ä§å§ß§ß§í§Û §°§Ý§Ú§Þ§á§Ú§Û§ã§Ü§Ú§Û §®§Ú§ê§Ü§Ñ,https://www.ozon.ru/product/491160200,§¯§Ö§ä,§®§à§Ú §á§à§Õ§Ñ§â§Ü§Ú,,FBS,4538,2269,0.285714286,567.25,0.25,11345,2,3.5,1838,40,0.001632209,0.1,2022/2/9
§¬§å§ç§ß§ñ,³ø·¿,§±§à§ã§å§Õ§Ñ §Õ§Ý§ñ §é§Ñ§ñ §Ú §Ü§à§æ§Ö,²èºÍ¿§·ÈÆ÷Ãó,§±§à§Õ§ã§ä§Ñ§Ü§Ñ§ß§ß§Ú§Ü,±­ÍÐ,"§±§à§Õ§ã§ä§Ñ§Ü§Ñ§ß§ß§Ú§Ü §á§à§Õ§Ñ§â§à§é§ß§í§Û, §ß§Ú§Ü§Ö§Ý§Ú§â§à§Ó§Ñ§ß§ß§í§Û §À§¢§ª§­§¦§« 70 §­§¦§´ §Ó §æ§å§ä§Ý§ñ§â§Ö §ê§Ü§Ñ§ä§å§Ý§Ü§Ö, §ã§à §ã§ä§Ñ§Ü§Ñ§ß§à§Þ §Ú §Ý§à§Ø§Ü§à§Û (§á§à§Õ§Ñ§â§à§Ü §Þ§å§Ø§å, §á§Ñ§á§Ö, §Õ§Ö§Õ§å§ê§Ü§Ö §ß§Ñ §Õ§Ö§ß§î §â§à§Ø§Õ§Ö§ß§Ú§ñ §Ú §ß§Ñ §ð§Ò§Ú§Ý§Ö§Û)",https://www.ozon.ru/product/571266841,§¯§Ö§ä,§³§´§¡§¬§¡§¯§½.§³§µ,,RFBS,15672,3918,1,559.7143,0.1429,0,2,2.995833333,6213,137,0.000160953,0.065693431,2022/4/28
§¬§å§ç§ß§ñ,³ø·¿,§±§à§ã§å§Õ§Ñ §Õ§Ý§ñ §é§Ñ§ñ §Ú §Ü§à§æ§Ö,²èºÍ¿§·ÈÆ÷Ãó,§±§à§Õ§ã§ä§Ñ§Ü§Ñ§ß§ß§Ú§Ü,±­ÍÐ,§³§ä§Ñ§Ü§Ñ§ß §ã §á§à§Õ§ã§ä§Ñ§Ü§Ñ§ß§ß§Ú§Ü§à§Þ §¹§Ñ§ê§Ñ §Ó§à§Ø§Õ§ñ,https://www.ozon.ru/product/889688014,§¯§Ö§ä,§¤§Ö§ß§Ö§Ù§Ú§ã §´§â§Ö§Û§Õ,,FBS,3358,1679,0.214285714,559.6667,0.3333,12312.6667,1,4.625,505,36,0,0,2023/3/10
§¬§å§ç§ß§ñ,³ø·¿,§±§à§ã§å§Õ§Ñ §Õ§Ý§ñ §é§Ñ§ñ §Ú §Ü§à§æ§Ö,²èºÍ¿§·ÈÆ÷Ãó,§±§à§Õ§ã§ä§Ñ§Ü§Ñ§ß§ß§Ú§Ü,±­ÍÐ,§±§à§Õ§ã§ä§Ñ§Ü§Ñ§ß§ß§Ú§Ü §á§à§Õ§Ñ§â§à§é§ß§í§Û §ß§Ú§Ü§Ö§Ý§Ú§â§à§Ó§Ñ§ß§ß§í§Û §¤§Ý§Ñ§Ó§Ñ §ã§Ö§Þ§î§Ú,https://www.ozon.ru/product/491129394,§¯§Ö§ä,§®§à§Ú §á§à§Õ§Ñ§â§Ü§Ú,,FBS,12852,1836,0.821428571,558.7826,0.3043,2793.913,2,3.571428571,6504,293,0.000922509,0.064846416,2022/2/9
§¬§å§ç§ß§ñ,³ø·¿,§±§à§ã§å§Õ§Ñ §Õ§Ý§ñ §é§Ñ§ñ §Ú §Ü§à§æ§Ö,²èºÍ¿§·ÈÆ÷Ãó,§±§à§Õ§ã§ä§Ñ§Ü§Ñ§ß§ß§Ú§Ü,±­ÍÐ,§±§à§Õ§ã§ä§Ñ§Ü§Ñ§ß§ß§Ú§Ü "§¥§â§Ñ§Ü§à§ß",https://www.ozon.ru/product/1210286605,§¯§Ö§ä,§¬§Ñ§Ù§Ñ§Ü§à§Ó§à52,,RFBS,12791,6395.5,0.821428571,556.1304,0.087,2780.6522,1,5.041666667,1726,225,0.001158749,0.053333333,2023/9/26
§¬§å§ç§ß§ñ,³ø·¿,§±§à§ã§å§Õ§Ñ §Õ§Ý§ñ §é§Ñ§ñ §Ú §Ü§à§æ§Ö,²èºÍ¿§·ÈÆ÷Ãó,§±§à§Õ§ã§ä§Ñ§Ü§Ñ§ß§ß§Ú§Ü,±­ÍÐ,"§¡§Ý§Ü§à-§â§å§Ý§Ö§ä§Ü§Ñ, §ê§à§ä§ß§Ú§è§Ñ §á§à§Õ §â§ð§Þ§Ü§Ú §ã §Ó§Ö§ã§Ö§Ý§í§Þ§Ú §Ù§Ñ§Õ§Ñ§ß§Ú§ñ§Þ§Ú, §á§à§Õ§ã§ä§Ñ§Ó§Ü§Ñ §Ý§ñ §ê§à§ä§à§Ó, §Ú§Ô§â§Ñ §ß§Ñ §Ó§Ö§é§Ö§â§Ú§ß§Ü§å, §á§à§Õ§ã§ä§Ñ§Ü§Ñ§ß§ß§Ú§Ü §Ó §Ò§Ñ§â",https://www.ozon.ru/product/1020388867,§¯§Ö§ä,WOOD FOR BUSINESS,Ais Laser,FBS,15387,1099.0714,1,549.5357,0.5,0,1,4.485294118,2585,185,0.000386847,0.075675676,2023/6/7
