ImagUrl,skuId,title,url,price,rating,review,MaxAddToCart,SearchText,SearchDate,pageRank,Advert,page,rank,deliveyTime
https://cdn1.ozone.ru/s3/multimedia-d/6569512849.jpg,876820860,"Шуманит средство для прочистки труб от засоров, волосогон, 6 саше по 70 г",https://www.ozon.ru/product/shumanit-sredstvo-dlya-prochistki-trub-ot-zasorov-volosogon-6-sashe-po-70-g-876820860/?advert=gblnpw-d-P37d5hsDI0TU8laNBrjJ07alSyz9cqicIJ2GUfdCVYfCZJ3c-bkFvM-ZfR7C7FgFvjVlj54oDeZ_3bn87ly0quzzqsKYewdpzge3oegpGKFJqlNkOOok2puL3jen3hmX-_g-33gSaMjqz64Zg5EUyDVdrUoZ7wWh9Yk_zZiWbp4mB4Ya-dL1OCL6psnam0VxLKBUxbpBpzrpicijUXzA1OQjSsX4-QHruIefp9gfubO0EtoPgYXwuKgG9Fcj2eUZKsKmTJ7QbcUBJ3iUTW2LIMZMTccAls1PXzB5TQ4lBvWPa0U8hd3tBuAvKpvTcziC9iMeYFkiGPK7viGxok&avtc=1&avte=2&avts=1705159096&keywords=%D1%88%D0%B8%D0%BA+%D0%B2%D0%BE%D0%BB%D0%BE%D1%81%D0%BE%D0%B3%D0%BE%D0%BD+%D0%BE%D1%82+%D0%B7%D0%B0%D1%81%D0%BE%D1%80%D0%BE%D0%B2,621 ,4.9  ,2 677 ,385,шик волосогон от засоров,2024-01-13,Pg1_1,True,1,1,В корзину
https://cdn1.ozone.ru/s3/multimedia-5/6244304753.jpg,478577090,"Bagi Шуманит средство для прочистки труб от засоров, средство от засоров труб волосогон 12 саше по 70г.",https://www.ozon.ru/product/bagi-shumanit-sredstvo-dlya-prochistki-trub-ot-zasorov-sredstvo-ot-zasorov-trub-volosogon-12-sashe-478577090/?advert=YzqfvhIOsTQypiZ0xOeHD794nL3qLBM4TPNFCx24KRuwNe6nDIs3IL2YzEYB90j576xpSmbEWKtsqdwnF0uFGEvtgWfyb7YVvCGmjL3Xj859p7jr4Psx1xHXtIPSp4a-ufBqlQPdez_if64VzIZMMh_BxHd-CnGxcDtH8isyahRgLNePhoz1FrhVw_tTO6Q4tJTP-xU-GLyA9DBrtnsssgFOqmpUDRcRoHqTavyviuqLNgceggUj-Xt17LOxwbpd1gj-OvAcHtFdl0q09s8HBhxTYRRlvo1ix6-SyTurMfuqO_rTyU-YOn7ud6PdAix3E_-5lli9ck83I9znBpPHLWT7bn2hAA&avtc=1&avte=2&avts=1705159096&keywords=%D1%88%D0%B8%D0%BA+%D0%B2%D0%BE%D0%BB%D0%BE%D1%81%D0%BE%D0%B3%D0%BE%D0%BD+%D0%BE%D1%82+%D0%B7%D0%B0%D1%81%D0%BE%D1%80%D0%BE%D0%B2,1 297 ,4.9  ,2 677 ,18,шик волосогон от засоров,2024-01-13,Pg1_2,True,1,2,18 января
https://cdn1.ozone.ru/s3/multimedia-e/6690638498.jpg,645536285,Набор средств от засоров труб EXPEL: саше Волосогон 1 шт х 50 г; саше Жирогон 1 шт х 50 г,https://www.ozon.ru/product/nabor-sredstv-ot-zasorov-trub-expel-sashe-volosogon-1-sht-h-50-g-sashe-zhirogon-1-sht-h-50-g-645536285/?advert=1_ObBF0QG_W2RM4koWF5d_hxzwen3p-Cg4DqHK-AmFup39fqKscDEscN4Ix0l6Sj6-jvo25stV17Xye-lzSOJxgT5avkASN0GeHc6QnO5hZXY8rpMQzdqDdPb1MB5x8nmSOH63zdiXJ2sFUICnXM0ld-LSIKdAIeWC9TKPgq2rV_ppjWYMfSvaDhcuSJi2odnHOWjMAg0h4YLKiTb0LC8J8RPKIlUOp7ii5_YUG75yJHNGSx3jaCMh4TpLPg13tYmoMMSoQ7BFkBEYX8Vg57VnqLE_D3m1yA9TxcFAHdcbliM1rmSc4y_ZMukJH9JX8Lzmd0_p6AyRNj9kan1--I36e9TSKC&avtc=1&avte=4&avts=1705159096&keywords=%D1%88%D0%B8%D0%BA+%D0%B2%D0%BE%D0%BB%D0%BE%D1%81%D0%BE%D0%B3%D0%BE%D0%BD+%D0%BE%D1%82+%D0%B7%D0%B0%D1%81%D0%BE%D1%80%D0%BE%D0%B2,216 ,4.8  ,4 715 ,700,шик волосогон от засоров,2024-01-13,Pg1_3,True,1,3,Послезавтра
https://cdn1.ozone.ru/s3/multimedia-i/6743249982.jpg,201502709,"Средство от засоров для прочистки труб, антизасор от волос, Expel Волосогон, на 6 засоров",https://www.ozon.ru/product/sredstvo-ot-zasorov-dlya-prochistki-trub-antizasor-ot-volos-expel-volosogon-na-6-zasorov-201502709/?advert=hHLgS7LISy48fN9YqmHl_NliSn76pBJhtKNN375hAaJ0K_fQuJ1Bhy6DQsyXyRD41mVWhzht2jRkZGkuyXyo3fr1ZfYSCaLFeAR8_dk7t_kaUp2L4pBHj05j4glu_41UYTDpfmzJ8dozIEHAPzwmv4ms3ZRB0EEaRDB5XauBOHz3YFwjcnfAv7WTeDfLBPckXXXgJE7xgWcaIJdmA0_4RA1yFvqC_xR63_qSj1rPy7fpJqw1jIdUtQn6ezbhU2QAugaKnhCPuQ6_Lq8VlPut5qPHB2UCOOLSeqOdagGQfwCTouCCOWFt0ZFpHo4tWGUu2a9wbUt03es84eGNA5sZarBVUQ&avtc=1&avte=4&avts=1705159096&keywords=%D1%88%D0%B8%D0%BA+%D0%B2%D0%BE%D0%BB%D0%BE%D1%81%D0%BE%D0%B3%D0%BE%D0%BD+%D0%BE%D1%82+%D0%B7%D0%B0%D1%81%D0%BE%D1%80%D0%BE%D0%B2,353 ,4.8  ,6 121,700,шик волосогон от засоров,2024-01-13,Pg1_4,True,1,4,Послезавтра
https://cdn1.ozone.ru/s3/multimedia-3/6488564103.jpg,201181734,"Средство от засоров для прочистки труб EXPEL, Гель антизасор от волос, ВОЛОСОГОН 500 мл",https://www.ozon.ru/product/sredstvo-ot-zasorov-dlya-prochistki-trub-expel-gel-antizasor-ot-volos-volosogon-500-ml-201181734/?asb=dQmGnx%252FoBCFiHvD6Qhst1OERCj6bAXgzwyaCb%252F3bEiliHMkG8MOXiYNhYo0r%252BK7J&asb2=Ky0y-DwVpUQl1JmQrwj7glUQ4lYnghp8NHk-VBRo5WT8a0FRREhZ7lAFe_NleZKHsAkXnp6CL1lUoH7iAgD_mtlVy3P5D7_1jCpLQttPWoRL6RLJZDFnnZuam_IariY7lo_ozETHJto3yMZHiD52VANim_I4zyrItJunUu3H934&avtc=1&avte=2&avts=1705159096&keywords=%D1%88%D0%B8%D0%BA+%D0%B2%D0%BE%D0%BB%D0%BE%D1%81%D0%BE%D0%B3%D0%BE%D0%BD+%D0%BE%D1%82+%D0%B7%D0%B0%D1%81%D0%BE%D1%80%D0%BE%D0%B2,318 ,4.8  ,4 893,700,шик волосогон от засоров,2024-01-13,Pg1_5,False,1,5,Послезавтра
https://cdn1.ozone.ru/s3/multimedia-9/6690644541.jpg,355698403,"Средство от засоров для прочистки труб антизасор от волос, Волосогон и Жирогон EXPEL на 10 засоров, 10 саше",https://www.ozon.ru/product/sredstvo-ot-zasorov-dlya-prochistki-trub-antizasor-ot-volos-volosogon-i-zhirogon-expel-na-10-zasorov-355698403/?asb=8cuz%252BcEsiVEaXMegoCirnIutug9zKYm7b5Yr3MBw3vE%253D&asb2=IVGIOS3ZK_lvE2QtPQBsKjbHAQxMYRatbZCMxPLb2-L64aSce8-NZWgCSUlSdLMd&avtc=1&avte=4&avts=1705159096&keywords=%D1%88%D0%B8%D0%BA+%D0%B2%D0%BE%D0%BB%D0%BE%D1%81%D0%BE%D0%B3%D0%BE%D0%BD+%D0%BE%D1%82+%D0%B7%D0%B0%D1%81%D0%BE%D1%80%D0%BE%D0%B2,448 ,4.8  ,4 715 ,700,шик волосогон от засоров,2024-01-13,Pg1_6,False,1,6,Послезавтра
https://cdn1.ozone.ru/s3/multimedia-1/6741183457.jpg,1087718108,"Средство от засоров мощное гранулированное средство для удаления засора в трубах, волосогон + жирогон 3 шт.",https://www.ozon.ru/product/sredstvo-ot-zasorov-moshchnoe-granulirovannoe-sredstvo-dlya-udaleniya-zasora-v-trubah-1087718108/?asb=j%252FbwflCngpGlcFT4KAjB0ntBxLqWbrSi7C7GK8GOw6EjU%252BNJHbjj0ggbwZm%252BVLQL&asb2=8jdf6E6sDKKZ4fMEVGmRshxFPyoUx84hSty67vdE0Z3iB5pHgJ275yIEq4nN6K813kD-G56j-3vlIu2B2crIVNtKYafAV3baz6qm2COyBe2Z6oUCodi9WAIVZF2daM3yt4dnOVcYSsbA2WaytANaUk__efUrYz2wuvgE4VtI0bM&avtc=1&avte=2&avts=1705159096&keywords=%D1%88%D0%B8%D0%BA+%D0%B2%D0%BE%D0%BB%D0%BE%D1%81%D0%BE%D0%B3%D0%BE%D0%BD+%D0%BE%D1%82+%D0%B7%D0%B0%D1%81%D0%BE%D1%80%D0%BE%D0%B2,195 ,4.8  ,1 148 ,700,шик волосогон от засоров,2024-01-13,Pg1_7,False,1,7,Послезавтра
https://cdn1.ozone.ru/s3/multimedia-f/6743254443.jpg,727009105,"Средство для прочистки труб от засоров, антизасор от волос, Expel Волосогон, 50 г х 10 саше",https://www.ozon.ru/product/sredstvo-dlya-prochistki-trub-ot-zasorov-antizasor-ot-volos-expel-volosogon-50-g-h-10-sashe-727009105/?asb=VwgeAWunDhROJEVmuv9W3VyOHqf793vOF4KkzJxgFW4%253D&asb2=Q5K1xtJbbIrqsCcL5nnIFAYiRYIgajP_HaFY_ujEaEbeoemOpnznM3uDp5w9hWHx&avtc=1&avte=2&avts=1705159096&keywords=%D1%88%D0%B8%D0%BA+%D0%B2%D0%BE%D0%BB%D0%BE%D1%81%D0%BE%D0%B3%D0%BE%D0%BD+%D0%BE%D1%82+%D0%B7%D0%B0%D1%81%D0%BE%D1%80%D0%BE%D0%B2,497 ,4.8  ,6 121,700,шик волосогон от засоров,2024-01-13,Pg1_8,False,1,8,Послезавтра
https://cdn1.ozone.ru/s3/multimedia-0/6883272540.jpg,395528684,"Для септиков. Средство от заиливания и засоров ""Девон-Ил"" 1,5 л",https://www.ozon.ru/product/dlya-septikov-sredstvo-ot-zailivaniya-i-zasorov-devon-il-1-5-l-395528684/?advert=SAyxyrlqroHZ2otbr1mpEsQ3a7ckQMufWJB5dPx2YFdURnqf722KQ4TOjNQEaW1QC1OzDXRmbaPGL7ZtX9CSNZ6IY_HbVVA_LDRLMdU4uF7-MAbU9X7UAA7Rgqrlo-baxLA1A0V69CSQ0cDKI90EecP6zUBiKrcJtS21YcDN-3f8dYalFA2MLpcrIQktybgymzbwL_Cbm9n8GiqzqXwbKpYf8UElJXFdAAWnLoFndyIL59WRLVjyjFk_vi104O0QknWfzTV5Z_Hu-byp1SmAjXM4yhlYftWxoCVFMvLx4JC2HG2KAXCUp-TGQ2fTtdTEuNBZV3k3fCYePR3b0xgYs6jvv7FFURoD&avtc=1&avte=2&avts=1705159096&keywords=%D1%88%D0%B8%D0%BA+%D0%B2%D0%BE%D0%BB%D0%BE%D1%81%D0%BE%D0%B3%D0%BE%D0%BD+%D0%BE%D1%82+%D0%B7%D0%B0%D1%81%D0%BE%D1%80%D0%BE%D0%B2,927 ,4.7  ,164,62,шик волосогон от засоров,2024-01-13,Pg1_9,True,1,9,18 января
https://cdn1.ozone.ru/s3/multimedia-o/6615181752.jpg,507645452,"Средство от засоров для прочистки труб Expel, Гель антизасор от волос, ВОЛОСОГОН 500 мл х 2 шт",https://www.ozon.ru/product/sredstvo-ot-zasorov-dlya-prochistki-trub-expel-gel-antizasor-ot-volos-volosogon-500-ml-h-2-sht-507645452/?asb=hI1TZYdwoUDwKhGqicYfEShEgHvThhV9s6Yphle18xraTkYBirQjYKXjsvhxjLtb&asb2=7J3qlU1ybF3i3LMtLx-BYbPu5XwGk4AorWc8EyZiOw14OlvzhBB9S8lWnoRZcPlhGopdV1v8UbuqH21_JK0s3lq6qZzNG276IAIS-eJ5m1AgMWBJoGUFbzNJwwDRO6DPt6SugK3aIL8uCFPY1kH7Ybov-v3kGpc9g4H24UPj6ko&avtc=1&avte=2&avts=1705159096&keywords=%D1%88%D0%B8%D0%BA+%D0%B2%D0%BE%D0%BB%D0%BE%D1%81%D0%BE%D0%B3%D0%BE%D0%BD+%D0%BE%D1%82+%D0%B7%D0%B0%D1%81%D0%BE%D1%80%D0%BE%D0%B2,483 ,4.8  ,4 893,700,шик волосогон от засоров,2024-01-13,Pg1_10,False,1,10,Послезавтра
https://cdn1.ozone.ru/s3/multimedia-o/6690633288.jpg,732628857,"Средство для прочистки труб от засоров, антизасор от жира и пищевых остатков, Expel Жирогон, 50 г х 10 саше",https://www.ozon.ru/product/sredstvo-dlya-prochistki-trub-ot-zasorov-antizasor-ot-zhira-i-pishchevyh-ostatkov-expel-zhirogon-50-732628857/?asb=O7zK0DmVbhEfobldJcvDDTxIfSrHo2kJCV%252Fdlx2gPQo%253D&asb2=1wc3hfGO6shXmhIK9SwqM-jWXqGHlEKW6IAH75xgxETjg2rm74Z9fwUSxzPTzE4N&avtc=1&avte=2&avts=1705159096&keywords=%D1%88%D0%B8%D0%BA+%D0%B2%D0%BE%D0%BB%D0%BE%D1%81%D0%BE%D0%B3%D0%BE%D0%BD+%D0%BE%D1%82+%D0%B7%D0%B0%D1%81%D0%BE%D1%80%D0%BE%D0%B2,407 ,4.8  ,2 397 ,700,шик волосогон от засоров,2024-01-13,Pg1_11,False,1,11,Послезавтра
https://cdn1.ozone.ru/s3/multimedia-c/6828781260.jpg,636489346,Средство для прочистки труб от засоров Розовый Крот 5 л,https://www.ozon.ru/product/sredstvo-dlya-prochistki-trub-ot-zasorov-rozovyy-krot-5-l-636489346/?advert=VuDkiXWgV9lk-NF85nko_56Mcd92ytDG_ciwEM0n0i3hy_z76XEPMQCSIOC-cFIDl-lz1aPIFvo9baR7QQyyCYmIPNzoaSJqaX1jqui5q5xHhD73X6lN-JCRB6wc3S8Vxw5-0YUWK1X-MIhri9wxq6NeVwksK1Bb5Co0zo66EMZ2qBH7wb_CaV1EY66xGtxC7s6H7g9LpOcIAELhPNi9bEleb8OhNqqH-2WPnzsHgb7qQXRFhwMS7GJb2mgy_fbSNSymyOyJ_g0F_6mTmmpEPLzl2eEx80PKs4ct1HLvgg3XF2YARR2zsTeBqWQcH1ArAKoHV-LM90BXKYmpTQEU2VCXxiXWsTs&avtc=1&avte=4&avts=1705159096&keywords=%D1%88%D0%B8%D0%BA+%D0%B2%D0%BE%D0%BB%D0%BE%D1%81%D0%BE%D0%B3%D0%BE%D0%BD+%D0%BE%D1%82+%D0%B7%D0%B0%D1%81%D0%BE%D1%80%D0%BE%D0%B2,606 ,4.7  ,2 293,500,шик волосогон от засоров,2024-01-13,Pg1_12,True,1,12,Послезавтра
https://cdn1.ozone.ru/s3/multimedia-n/6545025659.jpg,738050389,"Средство от засоров для прочистки труб EXPEL, Гель антизасор от волос, ВОЛОСОГОН 1000 мл 2 шт.",https://www.ozon.ru/product/sredstvo-ot-zasorov-dlya-prochistki-trub-expel-gel-antizasor-ot-volos-volosogon-1000-ml-2-sht-738050389/?asb=dRIQE%252BEm%252FnaGdYMmLReVadO%252BB7C6EEAyY%252BfJo9pxH6lK39lCpiTErFEFV3kduOz9&asb2=E5gLgZZddGh3S-F5pnbS3OTysx0GQkWvgvKWjGflfXXHC71u4j876XrV1fSxdGg9xgd_H8izxCVRrZZNe1kVzzslJF_EJL1RjwMmmAD1ELUBs1iuTjSOExXyETEsDHiO-tuz3kUpzihlWQEmaUTtQhhDQrIj_drU8mzmYo0BDBg&avtc=1&avte=2&avts=1705159096&keywords=%D1%88%D0%B8%D0%BA+%D0%B2%D0%BE%D0%BB%D0%BE%D1%81%D0%BE%D0%B3%D0%BE%D0%BD+%D0%BE%D1%82+%D0%B7%D0%B0%D1%81%D0%BE%D1%80%D0%BE%D0%B2,659 ,4.8  ,4 893,694,шик волосогон от засоров,2024-01-13,Pg1_13,False,1,13,Послезавтра
https://cdn1.ozone.ru/s3/multimedia-8/6690645836.jpg,201181696,"Средство от засоров для прочистки труб, антизасор от жира и пищевых остатков, Expel Жирогон, на 6 засоров",https://www.ozon.ru/product/sredstvo-ot-zasorov-dlya-prochistki-trub-antizasor-ot-zhira-i-pishchevyh-ostatkov-expel-zhirogon-na-201181696/?asb=1%252FQml9zq5Jta8f4win6zFmuH28b0nBhKkZanjiBTPyw%253D&asb2=KbUA9KJgr71JdxY9dS13fIarhqZ3BFGujOfxTVAYUXtqNuTIC-o89OZ7SMMYvAHM&avtc=1&avte=2&avts=1705159096&keywords=%D1%88%D0%B8%D0%BA+%D0%B2%D0%BE%D0%BB%D0%BE%D1%81%D0%BE%D0%B3%D0%BE%D0%BD+%D0%BE%D1%82+%D0%B7%D0%B0%D1%81%D0%BE%D1%80%D0%BE%D0%B2,344 ,4.8  ,2 397 ,700,шик волосогон от засоров,2024-01-13,Pg1_14,False,1,14,Послезавтра
https://cdn1.ozone.ru/s3/multimedia-h/6386199449.jpg,644991770,"Биопрепарат Ликвазим от засоров и запахов в трубах и септиках, 1 л.",https://www.ozon.ru/product/biopreparat-likvazim-ot-zasorov-i-zapahov-v-trubah-i-septikah-1-l-644991770/?advert=UtcOEbfuWcxzsqnofeTA8O3-rSyFZDoR-UIZI_IUTKhLKJCnpfcD2hPKSiuOOy1qN6TaJTRKKVcW3mCC_k0FW2ypmnHgZ1YeinOSvqZK_OnS5QkrcnBA1AX5aQ-_zJSuC-vwo-N1cmxP5tNHrxaqRktyxHzTHpTM_9n-XEgNties36i22UjrmSBj9wrbb8MKO7bsnyTO_YYPy5vj36jpwZ7M2-qadRX8Pn1lvfK2a5z0etd4_oAL0hkhd_xhW2zVmapg_1DTrXfE9CnM6UeKyb5IppJjhCGTtw7F6Fp9l6Hii0UAzhPSmZem-Ckg70C1rt6vvt-oOYV55VrhpxkMxq6SQdMZlQ&avtc=1&avte=2&avts=1705159096&keywords=%D1%88%D0%B8%D0%BA+%D0%B2%D0%BE%D0%BB%D0%BE%D1%81%D0%BE%D0%B3%D0%BE%D0%BD+%D0%BE%D1%82+%D0%B7%D0%B0%D1%81%D0%BE%D1%80%D0%BE%D0%B2,1 800 ,4.7  ,146 ,3,шик волосогон от засоров,2024-01-13,Pg1_15,True,1,15,19 января
https://cdn1.ozone.ru/s3/multimedia-q/6753221162.jpg,729679916,Волосогон от засоров ершик. Щетка для чистки засора в ванных и раковинах,https://www.ozon.ru/product/volosogon-ot-zasorov-ershik-shchetka-dlya-chistki-zasora-v-vannyh-i-rakovinah-729679916/?asb=38yoiddsfTVn1WS7fkc0d%252FkS4MBCmXYJop3LJNiZg7hexKkuxbVRnXYLttVA9%252BnC&asb2=JuVA5gcJmFj0JVKv7lKLZd1Q10vhKVmfA_mZ9hbXzAgHbHch8DvrUwUh6sFnisY-OdHP2SWkse7iRvUforoNm5Kv3lnI0kHhPUrfGl6nv8RbttnWcejqMyF68g0-TQQ1FxmCdMphbdNWPVjA33Bhp1j7akHjVNN2mxpGk0UQDrY&avtc=1&avte=2&avts=1705159096&keywords=%D1%88%D0%B8%D0%BA+%D0%B2%D0%BE%D0%BB%D0%BE%D1%81%D0%BE%D0%B3%D0%BE%D0%BD+%D0%BE%D1%82+%D0%B7%D0%B0%D1%81%D0%BE%D1%80%D0%BE%D0%B2,166 ,4.7  ,2 985 ,700,шик волосогон от засоров,2024-01-13,Pg1_16,False,1,16,Послезавтра
https://cdn1.ozone.ru/s3/multimedia-z/6545025275.jpg,737787278,"Средство от засоров для прочистки труб EXPEL, Гель антизасор от волос, ВОЛОСОГОН 1000 мл",https://www.ozon.ru/product/sredstvo-ot-zasorov-dlya-prochistki-trub-expel-gel-antizasor-ot-volos-volosogon-1000-ml-737787278/?asb=tQPMZxAm%252F7vm9KaZkySQ9Kx3l2PDfmjNkkxhTIGOlXoL8%252FaXKSub1xOWbSiyN7GT&asb2=4Vf7_cZJo7fjNEL5veU5kymuak8ltYX3Kyn3QloN7WuR3GFe3r90V0rAhl6QbjLt-oW375CRZU-DR643it4Dn8wpqzr2xr2maAG2WooOeZMTrRGALkX5NB9Qn2JP0si6c03stj6p8YZohpQRZOauc0hUEnoOGrxfAM4hBcurfY8&avtc=1&avte=2&avts=1705159096&keywords=%D1%88%D0%B8%D0%BA+%D0%B2%D0%BE%D0%BB%D0%BE%D1%81%D0%BE%D0%B3%D0%BE%D0%BD+%D0%BE%D1%82+%D0%B7%D0%B0%D1%81%D0%BE%D1%80%D0%BE%D0%B2,425 ,4.8  ,4 893,700,шик волосогон от засоров,2024-01-13,Pg1_17,False,1,17,Послезавтра
https://cdn1.ozone.ru/s3/multimedia-t/6799317761.jpg,803653050,"Средство от засоров GOODHIM Turboчист, 5 л",https://www.ozon.ru/product/sredstvo-ot-zasorov-goodhim-turbochist-5-l-803653050/?advert=0U1i0pauanhYD9uTETyRCwKttkyhOZf0YUSFyFEq0BJNADrv1dGh8vaPVD7eIzhUL_ZCf5jklanHl82R8-zCXyIpxsBjXAqhNxnSB3r92kuMuS1VdSqEbtInX1DAhvjArdC7gouLNa-SvRBML7S56zcAu0Zy0x-BDG0nDunMXkdvkOhKIEC9JSvm36nlRv3mOKfLmt-ZkmY5-dzaGFtfHOEyCSoDKdJiMsXS166WozZ9S_2oEB7XH_3CZiCgRh8-dsX6BZkdaxwaz0_c9-RNPlzfaRxr9jXb6HRohosuvlPW2_7g_lC4QP3Zkg-3DMMJy9DApDf8SXAi-RCgPZkKi-ZWPFtnNss&avtc=1&avte=2&avts=1705159096&keywords=%D1%88%D0%B8%D0%BA+%D0%B2%D0%BE%D0%BB%D0%BE%D1%81%D0%BE%D0%B3%D0%BE%D0%BD+%D0%BE%D1%82+%D0%B7%D0%B0%D1%81%D0%BE%D1%80%D0%BE%D0%B2,458 ,4.8  ,222,326,шик волосогон от засоров,2024-01-13,Pg1_18,True,1,18,Послезавтра
https://cdn1.ozone.ru/s3/multimedia-1/6706554085.jpg,576925724,"Средство для устранения засоров труб от волос в гранулах, Expel, ВОЛОСОГОН, на 10 засоров, 600 г",https://www.ozon.ru/product/sredstvo-dlya-ustraneniya-zasorov-trub-ot-volos-v-granulah-expel-volosogon-na-10-zasorov-600-g-576925724/?asb=v1q8pMgJuvhCGXuyG7QKVQ0oRTlzcROIn9t9BtFwp44%253D&asb2=aj441r_B6jZCeEVnY4qdR-R5uE_J8LYJ9JLL1fRMa5LJ3jdi761K5weWNe4Q4FDy&avtc=1&avte=2&avts=1705159096&keywords=%D1%88%D0%B8%D0%BA+%D0%B2%D0%BE%D0%BB%D0%BE%D1%81%D0%BE%D0%B3%D0%BE%D0%BD+%D0%BE%D1%82+%D0%B7%D0%B0%D1%81%D0%BE%D1%80%D0%BE%D0%B2,489 ,4.9  ,1 918 ,700,шик волосогон от засоров,2024-01-13,Pg1_19,False,1,19,Послезавтра
https://cdn1.ozone.ru/s3/multimedia-9/6244291905.jpg,478527177,"Bagi Шуманит гель средство для прочистки труб от засоров, средство от засоров труб волосогон, 450 мл.",https://www.ozon.ru/product/bagi-shumanit-gel-sredstvo-dlya-prochistki-trub-ot-zasorov-sredstvo-ot-zasorov-trub-volosogon-450-ml-478527177/?asb=qxgH0VkTNpD8RdjrFn6%252FvppGZRCiLZeWfctOdjSizSg%253D&asb2=tBUhjnW-6JQBS9KgEgmVzfrYbZsr-GwxatQ0Zqh_OgYsePvaf1EfE12Js4BSDj7F&avtc=1&avte=4&avts=1705159096&keywords=%D1%88%D0%B8%D0%BA+%D0%B2%D0%BE%D0%BB%D0%BE%D1%81%D0%BE%D0%B3%D0%BE%D0%BD+%D0%BE%D1%82+%D0%B7%D0%B0%D1%81%D0%BE%D1%80%D0%BE%D0%B2,450 ,4.8  ,332,700,шик волосогон от засоров,2024-01-13,Pg1_20,False,1,20,Послезавтра
https://cdn1.ozone.ru/s3/multimedia-m/6825758278.jpg,1139014579,"Средство от засоров "" Гарант"" гранулы, 500 гр 2 шт выгодный вариант! Волосогон",https://www.ozon.ru/product/sredstvo-ot-zasorov-garant-granuly-500-gr-2-sht-vygodnyy-variant-volosogon-1139014579/?advert=xcFyPWVtc4MAPr44LVbiOLzL5fhmtA5DxwkNaJnuv7GDk83E90mmFSO9l7kYMmCNW8-6vUYjzTnKHXwMgWUNmscWPiP9QJeArwhfFSUKygQZbx85vL38bys6yOFzGwBcwng7lQ5dIq1GK3vRx_DbIW8bvDfUmYp6OqRmH_h8AT0y5GtVbMiHpsdrFlB83Ptibewu9tMdVqakxO_ga4_eAKHyOpB23JPyAdxKYjZaZVjOYRqmZ0ZMD0PQL6JJcrXbFah8MXhEnb7eWQB4RmXW3lAHh4x9WJ1AiE6bkQp-_QJuxqhRbw2IOVvQkwJYr3lmwfdsZDQ-Af8U9vvuhrzL2b1mKWVv3XRT&avtc=1&avte=2&avts=1705159096&keywords=%D1%88%D0%B8%D0%BA+%D0%B2%D0%BE%D0%BB%D0%BE%D1%81%D0%BE%D0%B3%D0%BE%D0%BD+%D0%BE%D1%82+%D0%B7%D0%B0%D1%81%D0%BE%D1%80%D0%BE%D0%B2,489 ,4.8  ,1 051,161,шик волосогон от засоров,2024-01-13,Pg1_21,True,1,21,Послезавтра
https://cdn1.ozone.ru/s3/multimedia-f/6703013895.jpg,1074219132,"Набор средств для прочистки труб от засоров, антизасор от жира, от волос, Expel Жирогон + Волосогон, гранулы 600 г 2 шт.",https://www.ozon.ru/product/nabor-sredstv-dlya-prochistki-trub-ot-zasorov-antizasor-ot-zhira-ot-volos-expel-zhirogon-1074219132/?asb=W8xSazhVYPAUXS4pGp6tl3nkp8RL7IqqqghICDGDz5U%253D&asb2=Y86fJTpUGpx0XiqmBH37vr-kOKpEi1W4al3WudMzji52yISMjPHTqTA14xQWAQLH&avtc=1&avte=2&avts=1705159096&keywords=%D1%88%D0%B8%D0%BA+%D0%B2%D0%BE%D0%BB%D0%BE%D1%81%D0%BE%D0%B3%D0%BE%D0%BD+%D0%BE%D1%82+%D0%B7%D0%B0%D1%81%D0%BE%D1%80%D0%BE%D0%B2,625 ,4.8  ,461,591,шик волосогон от засоров,2024-01-13,Pg1_22,False,1,22,Послезавтра
https://cdn1.ozone.ru/s3/multimedia-k/6706553492.jpg,1083173562,"Средство для устранения засоров труб от волос в гранулах, Expel, ВОЛОСОГОН, на 20 засоров, 600 г 2 шт.",https://www.ozon.ru/product/sredstvo-dlya-ustraneniya-zasorov-trub-ot-volos-v-granulah-expel-volosogon-na-20-zasorov-600-g-2-sht-1083173562/?asb=d8kAEQxUea%252B2GHAniYRaKqtfRMZlbnGm203%252FOL0dDiw%253D&asb2=cBzmGQgqWSBmpzNWOA6LTgkni9OMCAwff8Q9qtJ_OSZfrfvGtEXJZJScAAXBVeZb&avtc=1&avte=2&avts=1705159096&keywords=%D1%88%D0%B8%D0%BA+%D0%B2%D0%BE%D0%BB%D0%BE%D1%81%D0%BE%D0%B3%D0%BE%D0%BD+%D0%BE%D1%82+%D0%B7%D0%B0%D1%81%D0%BE%D1%80%D0%BE%D0%B2,585 ,4.9  ,1 918 ,199,шик волосогон от засоров,2024-01-13,Pg1_23,False,1,23,Послезавтра
https://cdn1.ozone.ru/s3/multimedia-7/6584998903.jpg,228491297,"Порошок для прочистки труб Chirton средство в гранулах для очистки сливов от засоров, 600 г",https://www.ozon.ru/product/sredstvo-v-granulah-dlya-prochistki-slivov-i-kanalizatsionnyh-trub-chirton-600gr-228491297/?advert=4XQgsAq0M-LmMffq20E-TnpIXk0NEDLMf1I8yOXgadCwTCB4cLaGvxfG4C5rFsBn04LvUFUw1YMTGmrfF39EAJ2tHJpf4wljIp7ybZ1rn9Q3pRKjMM-hahhrjJNJz_x4WexM2AF3iJbhvfHgVYZJ7jSyRYRlTqf_2mGQLVhuEy3TfHOZ7vNCF00PQYOOiuPVNXrzz5rV3bFY_xsjY4YtBrAGtlBMYvgy7CJUT739I3M_YTi34Oyt-0B2nyZWCAaniPFfaeGWf7sDR_8Ac-m2MlO2eFJhTCA6wovOBb_UDNqLqNKSV8n4oF-7ZxgDBUWW93_z1rsJUXt002LO13iPOlg&avtc=1&avte=2&avts=1705159096&keywords=%D1%88%D0%B8%D0%BA+%D0%B2%D0%BE%D0%BB%D0%BE%D1%81%D0%BE%D0%B3%D0%BE%D0%BD+%D0%BE%D1%82+%D0%B7%D0%B0%D1%81%D0%BE%D1%80%D0%BE%D0%B2,353 ,4.8  ,1 278 ,71,шик волосогон от засоров,2024-01-13,Pg1_24,True,1,24,Послезавтра
https://cdn1.ozone.ru/s3/multimedia-o/6854190432.jpg,317254962,"Средство для чистки канализации SANFOR, 5 л, Средство для прочистки труб от засоров",https://www.ozon.ru/product/sredstvo-dlya-chistki-kanalizatsii-sanfor-5-l-sredstvo-dlya-prochistki-trub-ot-zasorov-317254962/?asb=aMt88I147hUOpyZpFSNDQ6D7lbcgV%252BEIS2SsoZBMSNLdDTHMqnZudiEL%252BOD7YP%252FC&asb2=I90t6iOrnV9QFBfK__2LFLL9d6JiRc4FoMAXXP9WIcqwEToKR4-xPy6mnvykMpJj13PtbNBjtxh1b4ZD_u5nepMF4oxeo0DjaWB-ZsykIIomMe_DbEdqCABiQASX2QdbrFuxd_ApTiJ2ceHhDGSmLyh0wkoOiWNdRSvy5OF9ykg&avtc=1&avte=4&avts=1705159096&keywords=%D1%88%D0%B8%D0%BA+%D0%B2%D0%BE%D0%BB%D0%BE%D1%81%D0%BE%D0%B3%D0%BE%D0%BD+%D0%BE%D1%82+%D0%B7%D0%B0%D1%81%D0%BE%D1%80%D0%BE%D0%B2,335 ,4.8  ,4 570 ,700,шик волосогон от засоров,2024-01-13,Pg1_25,False,1,25,Послезавтра
https://cdn1.ozone.ru/s3/multimedia-d/6655259101.jpg,600662387,"Средство от засоров для очистки труб и устранения сложных засоров в домах с питомцами WONDER LAB, экологичное, от шерсти животных в трубах, для чистки канализации, 1100 мл",https://www.ozon.ru/product/sredstvo-ot-zasorov-dlya-ochistki-trub-i-ustraneniya-slozhnyh-zasorov-v-domah-s-pitomtsami-wonder-600662387/?asb=N9Wtsnu%252BTh25iHLVCJxbgVgf1Cg8NPYA1U8AqbLRiD0%253D&asb2=hqz_y7NMtCBmAqyVpifNSTjtafSYrBZW3WZ4NUnxEpaWExjHLu4lH9-Yiahlfu4-&avtc=1&avte=2&avts=1705159096&keywords=%D1%88%D0%B8%D0%BA+%D0%B2%D0%BE%D0%BB%D0%BE%D1%81%D0%BE%D0%B3%D0%BE%D0%BD+%D0%BE%D1%82+%D0%B7%D0%B0%D1%81%D0%BE%D1%80%D0%BE%D0%B2,320 ,4.8  ,752,700,шик волосогон от засоров,2024-01-13,Pg1_26,False,1,26,Послезавтра
https://cdn1.ozone.ru/s3/multimedia-z/6019520675.jpg,199023387,Средство для прочистки труб от засоров,https://www.ozon.ru/product/sredstvo-dlya-prochistki-trub-ot-zasorov-199023387/?advert=Kd8_ReQisiBK0jtIT2sN-qXvPgbldGi5Z76esGNbJ1VFyyADE-PlPMdISvfPif11fVWV6PY4HR2myffDTf3nit1JEpGDBaVOcbABZIovh37_tkUohPoXrUkqTBg9SI5Me4YJv4EjgPdNAoz5h6Qje9a6nz854pKrbkz0W3A32DsPLpAI-nRLy0mOtwejrpLA73fSY5QvqfgWFB01M9t1129DJi60gPFsVWpS98dsFY3v_VFCkLxGLrqF9BEbq4eT_u-xOGIuAB4owRra6Ql53BNFaWeWs0HLmMKijXKVaBdT2xcYe-bIoR0FnkBIzRHsT6FXCX3q-WVzHYdo-uPAsa17Jcih&avtc=1&avte=2&avts=1705159096&keywords=%D1%88%D0%B8%D0%BA+%D0%B2%D0%BE%D0%BB%D0%BE%D1%81%D0%BE%D0%B3%D0%BE%D0%BD+%D0%BE%D1%82+%D0%B7%D0%B0%D1%81%D0%BE%D1%80%D0%BE%D0%B2,1 835 ,4.6  ,21,22,шик волосогон от засоров,2024-01-13,Pg1_27,True,1,27,Послезавтра
https://cdn1.ozone.ru/s3/multimedia-7/6849594655.jpg,703142845,"Средство чистящее от засоров труб dr.Zhozh 500 мл , жидкость волосогон для стоков унитаза, кухни и ванной, бытовая химия",https://www.ozon.ru/product/sredstvo-chistyashchee-ot-zasorov-trub-dr-zhozh-500-ml-zhidkost-volosogon-dlya-stokov-unitaza-kuhni-703142845/?asb=YZRXP9dsXAcO1NiywMPE5kI1EtSagcA0bl4J64iBDYB9kHKqfgafj6PAiC1Gx07D&asb2=CYGDWBQ6LjRHTMyEsVW0KmrUOU_4A136rpMBYtUUW1xCh1mU9mbd1yrdpDhP8xt5JZzJbDKunjcKJ7zTv7ou_KhH-7-LK9LYkDFd6bvxZQjTSU4RbEjw1dHB7cLgtK--TA2vkIsepbvZS1pZQQe-P6FhY0zXJ9WB4vDzwj-V3Ig&avtc=1&avte=2&avts=1705159096&keywords=%D1%88%D0%B8%D0%BA+%D0%B2%D0%BE%D0%BB%D0%BE%D1%81%D0%BE%D0%B3%D0%BE%D0%BD+%D0%BE%D1%82+%D0%B7%D0%B0%D1%81%D0%BE%D1%80%D0%BE%D0%B2,224 ,4.7  ,1 340 ,661,шик волосогон от засоров,2024-01-13,Pg1_28,False,1,28,16 января
https://cdn1.ozone.ru/s3/multimedia-3/6488561007.jpg,534622739,Expel Средство для устранения засоров от волос 1шт саше 50г,https://www.ozon.ru/product/expel-sredstvo-dlya-ustraneniya-zasorov-ot-volos-1sht-sashe-50g-534622739/?asb=9rTkk7P2Bw9VX6Be15kTr0KdALVTtG8GeNnUhWhyszE%253D&asb2=oyYiNwAtJdED88xt9nTYRE1AN_9qN2TXhEQm87s1uLdWZg21Yh7hoiiu9y6yfeqq&avtc=1&avte=2&avts=1705159096&keywords=%D1%88%D0%B8%D0%BA+%D0%B2%D0%BE%D0%BB%D0%BE%D1%81%D0%BE%D0%B3%D0%BE%D0%BD+%D0%BE%D1%82+%D0%B7%D0%B0%D1%81%D0%BE%D1%80%D0%BE%D0%B2,171 ,4.8  ,25 ,35,шик волосогон от засоров,2024-01-13,Pg1_29,False,1,29,Послезавтра
https://cdn1.ozone.ru/s3/multimedia-k/6734616788.jpg,1140235030,Трос для прочистки труб / Волосогон от засоров ершик / Щетка ершик для прочистки труб,https://www.ozon.ru/product/tros-dlya-prochistki-trub-volosogon-ot-zasorov-ershik-shchetka-ershik-dlya-prochistki-trub-1140235030/?advert=zxa-8RGZc_CtzMf-qzwRjS4WisgHVGMgq3DjVgidWNfWa_2B9TlA-n3zZPJ77qVwwvzFI0vu3rzXj-KweXJUHMfJLzyc1FLo62_jTfyFwYyooE7tXGlOPE73aL5m86vePdq5A3LDYbP1IQAocWzagJL-7tflNo6x41AjaqBCb0VlxZwVS9rBmi4DippPx4vCVpLmoZejA0RkL_Q6cBBLT9H73Vi8kuRJw5fSW-NGmWTIvag8YjyZyFx7uVAfapsHWd1amvAZ8CSg2o8dyKXn2LfZ1g5MKs8CsXY11O4dCfh5rXuDlivFTdDyDPOLiDxuloMwI8A9U18XRdR1UjsJfE_vThM&avtc=1&avte=2&avts=1705159096&keywords=%D1%88%D0%B8%D0%BA+%D0%B2%D0%BE%D0%BB%D0%BE%D1%81%D0%BE%D0%B3%D0%BE%D0%BD+%D0%BE%D1%82+%D0%B7%D0%B0%D1%81%D0%BE%D1%80%D0%BE%D0%B2,156 ,4.7  ,1 558 ,700,шик волосогон от засоров,2024-01-13,Pg1_30,True,1,30,Послезавтра
https://cdn1.ozone.ru/s3/multimedia-c/6576331608.jpg,872527266,Щётка-ёршик для прочистки труб от волос и засоров в раковинах и ваннах,https://www.ozon.ru/product/shchetka-ershik-dlya-prochistki-trub-ot-volos-i-zasorov-v-rakovinah-i-vannah-872527266/?asb=PLJ0cmNp7PfsPDjvsPlst6IEzqN%252BkrLYojQlFGrIr6E%253D&asb2=HPiKb4Pnzy00c45X_wL6A0HqCjTH2SzJG6mR_hSuvQ2nBtsZ4ZmKTvA69qJ1ZNiu&avtc=1&avte=2&avts=1705159096&keywords=%D1%88%D0%B8%D0%BA+%D0%B2%D0%BE%D0%BB%D0%BE%D1%81%D0%BE%D0%B3%D0%BE%D0%BD+%D0%BE%D1%82+%D0%B7%D0%B0%D1%81%D0%BE%D1%80%D0%BE%D0%B2,137 ,4.7  ,3 223,545,шик волосогон от засоров,2024-01-13,Pg1_31,False,1,31,Послезавтра
https://cdn1.ozone.ru/s3/multimedia-0/6870440304.jpg,1298434843,"Волосогон от засоров, ершик для прочистки труб, щетка для прочистки засоров в ванной комнате, раковине, душевой. Ершик для кальяна, улавливатель волос, вантуз для раковины",https://www.ozon.ru/product/volosogon-ot-zasorov-ershik-dlya-prochistki-trub-shchetka-dlya-prochistki-zasorov-v-vannoy-komnate-1298434843/?asb=aBHtxlPciuT1h94wz9xKMhXKx6OG5jdtMix9sVluH3A4ZInryXG44cPrrtGTS601&asb2=CmjrT4FfKkgWebdItL3vOpMT-OI1NL0eAPJyeU6Wp59nAwjvfov_GFe3HgcpHmVwU3YaF9jGIfIUrNulZZvqpg5QYz5BgGjzTT4lzEOor2Ncv96TfGtsI7x7k6Ylrg-zwE3AYL_7EY9JsgzwqaRZaw6Si-VlNI-3YAMfT2HNmX8&avtc=1&avte=2&avts=1705159096&keywords=%D1%88%D0%B8%D0%BA+%D0%B2%D0%BE%D0%BB%D0%BE%D1%81%D0%BE%D0%B3%D0%BE%D0%BD+%D0%BE%D1%82+%D0%B7%D0%B0%D1%81%D0%BE%D1%80%D0%BE%D0%B2,166 ,4.8  ,171,700,шик волосогон от засоров,2024-01-13,Pg1_32,False,1,32,Послезавтра
https://cdn1.ozone.ru/s3/multimedia-8/6609830660.jpg,223060354,"Средство для устранения засоров ""POSTIRON ACTIVE GRANULES"", для прочистки труб, от засора в трубах, в гранулах",https://www.ozon.ru/product/sredstvo-dlya-ustraneniya-zasorov-postiron-active-granules-dlya-prochistki-trub-ot-zasora-v-trubah-223060354/?asb=80ogDU5YzhoCvA4KrHKiVmNi4rnKre4btAlxc8TRwaRwoHuanLOK7Lg9PPjqPZL2&asb2=fn3fwMlFQq80SpFZum18yNBGlGldQlwfT1J7CO9Dbaiix4M9I2LlbX0S8_vgk6KTav5-xyeOwpW-CZQr-UfGLxrDgfaOtaXuCuHaTz5zIoXwIChyFw0WiaQWEASHkzbJESgGcvPgWJLxUBcbfhlNWRA0p_sDpH83Lc5CY_wE0Ng&avtc=1&avte=2&avts=1705159096&keywords=%D1%88%D0%B8%D0%BA+%D0%B2%D0%BE%D0%BB%D0%BE%D1%81%D0%BE%D0%B3%D0%BE%D0%BD+%D0%BE%D1%82+%D0%B7%D0%B0%D1%81%D0%BE%D1%80%D0%BE%D0%B2,215 ,4.8  ,582,266,шик волосогон от засоров,2024-01-13,Pg1_33,False,1,33,Послезавтра
https://cdn1.ozone.ru/s3/multimedia-b/6276192299.jpg,812465998,"Гранулы для прочистки труб от засоров из волос Волосогон Expel, 2 саше по 50 г",https://www.ozon.ru/product/granuly-dlya-prochistki-trub-ot-zasorov-iz-volos-volosogon-expel-2-sashe-po-50-g-812465998/?asb=xSpdn38R5NMgEXIufsIr9Q4AePwlmSRdgYRUB1h5GR4%253D&asb2=KGBXKF3zDgUOVVeZt417vVOAJKs4pSEz275cE-gpZFwEVpMap00f9YsAI59s7Ac2oLz6cg1lwaD3ClDjZA_IA_LoS4gy4fLkCc2tFXgd53K6jx8-ALelVPhrNfUGvr52BjmUqg2_RjJiQXfnJth95Q&avtc=1&avte=2&avts=1705159096&keywords=%D1%88%D0%B8%D0%BA+%D0%B2%D0%BE%D0%BB%D0%BE%D1%81%D0%BE%D0%B3%D0%BE%D0%BD+%D0%BE%D1%82+%D0%B7%D0%B0%D1%81%D0%BE%D1%80%D0%BE%D0%B2,384 ,4.9  ,28 ,90,шик волосогон от засоров,2024-01-13,Pg1_34,False,1,34,Послезавтра
https://cdn1.ozone.ru/s3/multimedia-h/6671663981.jpg,627561385,"Волосогон от засоров, ершик для прочистки труб, щетка для прочистки засоров в ванной комнате, раковине, душевой. Ершик для кальяна, улавливатель волос, вантуз для раковины",https://www.ozon.ru/product/volosogon-ot-zasorov-ershik-dlya-prochistki-trub-shchetka-dlya-prochistki-zasorov-v-vannoy-komnate-627561385/?asb=4%252FVQN0f9cZULNgymgFmwpavK7YdzpGVi9x4Y1dpuDmhbQkmmarXbVCTJWX4eeU5w&asb2=XwWJ78bSa5TGY49Ep1JkXh36fN4YLodqN0zL_ZI7ORbbZn5sWPg_YfOA4c2ezYYwzgDZytVHq6Um5NyJpCKi9PedVt4ruw3daDYH3xhVcb_V82QEY_InSSSZDIF2dmdnRWcS8_VPZnNN5ZdIjak87LRELiQ7HJxgKsNceOqKfY4&avtc=1&avte=2&avts=1705159096&keywords=%D1%88%D0%B8%D0%BA+%D0%B2%D0%BE%D0%BB%D0%BE%D1%81%D0%BE%D0%B3%D0%BE%D0%BD+%D0%BE%D1%82+%D0%B7%D0%B0%D1%81%D0%BE%D1%80%D0%BE%D0%B2,166 ,4.7  ,18 821,700,шик волосогон от засоров,2024-01-13,Pg1_35,False,1,35,Послезавтра
https://cdn1.ozone.ru/s3/multimedia-f/6561423543.jpg,422509160,"Средство для прочистки труб от засоров волос (волосогон), пищевых отходов в гранулах Биосептик-Z turbo, 3 шт. по 60 г",https://www.ozon.ru/product/sredstvo-dlya-prochistki-trub-ot-zasorov-volos-volosogon-pishchevyh-othodov-v-granulah-bioseptik-z-422509160/?asb=foL1t2hm09Le0%252FDqazcUQ087Fsobub%252F8f5SfSUmS73wFmJIA7b2Zec66dkaN9sew&asb2=Bwon5aZdA1px3E_SnS6BevVfQMLZ1B9j1BHM6axSX3PEzt0xq264F47TKpaMLrrvcGikUoSbp8RJi0e-l42h34A35Mk90ltj-R_bdaxOkls5aDrEbMVSK0uzudl4aCoHgYS7If3YhlhE-lMRz4f8AmT6rfk2lI17z_z9gyrE9r4&avtc=1&avte=2&avts=1705159096&keywords=%D1%88%D0%B8%D0%BA+%D0%B2%D0%BE%D0%BB%D0%BE%D1%81%D0%BE%D0%B3%D0%BE%D0%BD+%D0%BE%D1%82+%D0%B7%D0%B0%D1%81%D0%BE%D1%80%D0%BE%D0%B2,294 ,4.8  ,334,32,шик волосогон от засоров,2024-01-13,Pg1_36,False,1,36,Послезавтра
